{"stats":{"minecraft:dropped":{"minecraft:wheat_seeds":1,"minecraft:wooden_axe":1,"minecraft:spruce_wood":3,"minecraft:wooden_pickaxe":1},"minecraft:custom":{"minecraft:interact_with_furnace":9,"minecraft:mob_kills":18,"minecraft:interact_with_crafting_table":13,"minecraft:leave_game":1,"minecraft:time_since_death":46992,"minecraft:time_since_rest":46992,"minecraft:sprint_one_cm":71459,"minecraft:damage_taken":433,"minecraft:walk_one_cm":48410,"minecraft:drop":6,"minecraft:damage_dealt":1750,"minecraft:swim_one_cm":29646,"minecraft:fly_one_cm":139692,"minecraft:crouch_one_cm":17136,"minecraft:play_time":46992,"minecraft:sneak_time":5639,"minecraft:walk_under_water_one_cm":9108,"minecraft:boat_one_cm":42496,"minecraft:jump":744,"minecraft:walk_on_water_one_cm":6404,"minecraft:total_world_time":46992,"minecraft:fall_one_cm":23926},"minecraft:picked_up":{"minecraft:crafting_table":5,"minecraft:feather":1,"minecraft:chicken":1,"minecraft:leather":5,"minecraft:raw_copper":13,"minecraft:wheat_seeds":2,"minecraft:spruce_planks":14,"minecraft:spruce_wood":6,"minecraft:iron_ingot":8,"minecraft:beef":6,"minecraft:furnace":2,"minecraft:raw_iron":2,"minecraft:sweet_berries":2,"minecraft:porkchop":4,"minecraft:spruce_log":17,"minecraft:spruce_door":1,"minecraft:rotten_flesh":2,"minecraft:spruce_boat":2,"minecraft:gray_wool":1,"minecraft:mutton":18,"minecraft:coal":6,"minecraft:white_wool":10,"minecraft:cobblestone":111},"minecraft:crafted":{"minecraft:leather_boots":1,"minecraft:crafting_table":1,"minecraft:spruce_planks":80,"minecraft:wooden_pickaxe":1,"minecraft:cooked_chicken":1,"minecraft:spruce_door":3,"minecraft:furnace":1,"minecraft:stone_axe":1,"minecraft:cooked_mutton":16,"minecraft:air":0,"minecraft:iron_chestplate":1,"minecraft:stick":16,"minecraft:stone_pickaxe":1,"minecraft:wooden_axe":1,"minecraft:stone_sword":1,"minecraft:spruce_boat":1},"minecraft:mined":{"minecraft:spruce_planks":15,"minecraft:spruce_door":2,"minecraft:crafting_table":5,"minecraft:short_grass":11,"minecraft:copper_ore":4,"minecraft:cobblestone":2,"minecraft:large_fern":2,"minecraft:furnace":2,"minecraft:iron_ore":2,"minecraft:sweet_berry_bush":4,"minecraft:spruce_log":18,"minecraft:andesite":2,"minecraft:birch_leaves":3,"minecraft:coal_ore":9,"minecraft:spruce_wood":3,"minecraft:stone":113,"minecraft:oak_leaves":1,"minecraft:fern":1},"minecraft:killed":{"minecraft:pig":3,"minecraft:sheep":11,"minecraft:chicken":1,"minecraft:cow":3},"minecraft:used":{"minecraft:cooked_mutton":8,"minecraft:stone_sword":15,"minecraft:spruce_door":3,"minecraft:stone_pickaxe":116,"minecraft:spruce_planks":52,"minecraft:wooden_pickaxe":19,"minecraft:cooked_chicken":1,"minecraft:iron_chestplate":1,"minecraft:crafting_table":5,"minecraft:spruce_boat":2,"minecraft:wooden_axe":2,"minecraft:stone_axe":72,"minecraft:cobblestone":83,"minecraft:sweet_berries":2,"minecraft:furnace":2}},"DataVersion":3953}