{"stats":{"minecraft:dropped":{"minecraft:wheat_seeds":1,"minecraft:wooden_axe":1,"minecraft:spruce_wood":3,"minecraft:wooden_pickaxe":1},"minecraft:custom":{"minecraft:time_since_rest":23107,"minecraft:interact_with_furnace":6,"minecraft:sprint_one_cm":26428,"minecraft:damage_taken":161,"minecraft:walk_one_cm":28029,"minecraft:mob_kills":11,"minecraft:drop":6,"minecraft:damage_dealt":1031,"minecraft:swim_one_cm":27265,"minecraft:interact_with_crafting_table":12,"minecraft:fly_one_cm":40113,"minecraft:crouch_one_cm":2959,"minecraft:play_time":23107,"minecraft:sneak_time":1148,"minecraft:walk_under_water_one_cm":8611,"minecraft:boat_one_cm":36520,"minecraft:jump":246,"minecraft:time_since_death":23107,"minecraft:walk_on_water_one_cm":6030,"minecraft:total_world_time":23107,"minecraft:fall_one_cm":4153},"minecraft:picked_up":{"minecraft:crafting_table":3,"minecraft:feather":1,"minecraft:chicken":1,"minecraft:sweet_berries":2,"minecraft:porkchop":4,"minecraft:spruce_log":17,"minecraft:raw_copper":4,"minecraft:spruce_boat":1,"minecraft:wheat_seeds":2,"minecraft:spruce_planks":2,"minecraft:spruce_wood":6,"minecraft:iron_ingot":8,"minecraft:mutton":11,"minecraft:white_wool":7,"minecraft:cobblestone":40},"minecraft:crafted":{"minecraft:iron_chestplate":1,"minecraft:crafting_table":1,"minecraft:spruce_planks":76,"minecraft:stick":16,"minecraft:wooden_pickaxe":1,"minecraft:cooked_chicken":1,"minecraft:stone_pickaxe":1,"minecraft:wooden_axe":1,"minecraft:stone_sword":1,"minecraft:spruce_door":3,"minecraft:furnace":1,"minecraft:spruce_boat":1,"minecraft:stone_axe":1,"minecraft:cooked_mutton":3,"minecraft:air":0},"minecraft:mined":{"minecraft:large_fern":2,"minecraft:spruce_planks":2,"minecraft:sweet_berry_bush":4,"minecraft:spruce_log":18,"minecraft:birch_leaves":1,"minecraft:spruce_door":1,"minecraft:crafting_table":3,"minecraft:short_grass":10,"minecraft:copper_ore":1,"minecraft:cobblestone":2,"minecraft:spruce_wood":3,"minecraft:stone":40,"minecraft:fern":1},"minecraft:killed":{"minecraft:sheep":7,"minecraft:pig":3,"minecraft:chicken":1},"minecraft:used":{"minecraft:spruce_boat":1,"minecraft:cooked_mutton":3,"minecraft:wooden_axe":2,"minecraft:stone_sword":10,"minecraft:spruce_door":3,"minecraft:stone_pickaxe":25,"minecraft:spruce_planks":15,"minecraft:wooden_pickaxe":19,"minecraft:cooked_chicken":1,"minecraft:stone_axe":41,"minecraft:iron_chestplate":1,"minecraft:cobblestone":21,"minecraft:sweet_berries":2,"minecraft:crafting_table":4,"minecraft:furnace":1}},"DataVersion":3953}