{"stats":{"minecraft:dropped":{"minecraft:wheat_seeds":1,"minecraft:wooden_axe":1,"minecraft:spruce_wood":3,"minecraft:wooden_pickaxe":1},"minecraft:custom":{"minecraft:time_since_rest":41107,"minecraft:interact_with_furnace":9,"minecraft:sprint_one_cm":64485,"minecraft:damage_taken":370,"minecraft:walk_one_cm":41183,"minecraft:mob_kills":17,"minecraft:drop":6,"minecraft:damage_dealt":1670,"minecraft:swim_one_cm":29646,"minecraft:interact_with_crafting_table":13,"minecraft:fly_one_cm":128147,"minecraft:crouch_one_cm":9347,"minecraft:play_time":41107,"minecraft:sneak_time":3283,"minecraft:walk_under_water_one_cm":9108,"minecraft:boat_one_cm":42496,"minecraft:jump":635,"minecraft:time_since_death":41107,"minecraft:walk_on_water_one_cm":6404,"minecraft:total_world_time":41107,"minecraft:fall_one_cm":20262},"minecraft:picked_up":{"minecraft:crafting_table":5,"minecraft:feather":1,"minecraft:chicken":1,"minecraft:sweet_berries":2,"minecraft:leather":5,"minecraft:porkchop":4,"minecraft:spruce_log":17,"minecraft:spruce_door":1,"minecraft:raw_copper":10,"minecraft:spruce_boat":2,"minecraft:wheat_seeds":2,"minecraft:spruce_planks":14,"minecraft:spruce_wood":6,"minecraft:beef":6,"minecraft:iron_ingot":8,"minecraft:coal":5,"minecraft:mutton":16,"minecraft:white_wool":10,"minecraft:cobblestone":56,"minecraft:furnace":2},"minecraft:crafted":{"minecraft:iron_chestplate":1,"minecraft:leather_boots":1,"minecraft:crafting_table":1,"minecraft:spruce_planks":80,"minecraft:stick":16,"minecraft:wooden_pickaxe":1,"minecraft:cooked_chicken":1,"minecraft:stone_pickaxe":1,"minecraft:wooden_axe":1,"minecraft:stone_sword":1,"minecraft:spruce_door":3,"minecraft:furnace":1,"minecraft:spruce_boat":1,"minecraft:stone_axe":1,"minecraft:cooked_mutton":16,"minecraft:air":0},"minecraft:mined":{"minecraft:large_fern":2,"minecraft:spruce_planks":15,"minecraft:furnace":2,"minecraft:sweet_berry_bush":4,"minecraft:spruce_log":18,"minecraft:birch_leaves":3,"minecraft:spruce_door":2,"minecraft:crafting_table":5,"minecraft:short_grass":11,"minecraft:coal_ore":7,"minecraft:copper_ore":3,"minecraft:cobblestone":2,"minecraft:spruce_wood":3,"minecraft:stone":57,"minecraft:oak_leaves":1,"minecraft:fern":1},"minecraft:killed":{"minecraft:sheep":10,"minecraft:pig":3,"minecraft:chicken":1,"minecraft:cow":3},"minecraft:used":{"minecraft:spruce_boat":2,"minecraft:cooked_mutton":7,"minecraft:wooden_axe":2,"minecraft:stone_sword":13,"minecraft:spruce_door":3,"minecraft:stone_pickaxe":53,"minecraft:spruce_planks":52,"minecraft:wooden_pickaxe":19,"minecraft:cooked_chicken":1,"minecraft:stone_axe":72,"minecraft:iron_chestplate":1,"minecraft:cobblestone":26,"minecraft:sweet_berries":2,"minecraft:crafting_table":5,"minecraft:furnace":2}},"DataVersion":3953}