{"stats":{"minecraft:dropped":{"minecraft:wheat_seeds":1,"minecraft:wooden_axe":1,"minecraft:spruce_wood":3,"minecraft:wooden_pickaxe":1},"minecraft:custom":{"minecraft:time_since_rest":11107,"minecraft:interact_with_furnace":2,"minecraft:sprint_one_cm":7106,"minecraft:damage_taken":20,"minecraft:walk_one_cm":16312,"minecraft:drop":6,"minecraft:damage_dealt":21,"minecraft:swim_one_cm":17431,"minecraft:interact_with_crafting_table":9,"minecraft:fly_one_cm":8009,"minecraft:crouch_one_cm":428,"minecraft:play_time":11107,"minecraft:sneak_time":315,"minecraft:walk_under_water_one_cm":6245,"minecraft:jump":104,"minecraft:time_since_death":11107,"minecraft:walk_on_water_one_cm":2554,"minecraft:total_world_time":11107,"minecraft:fall_one_cm":894},"minecraft:picked_up":{"minecraft:crafting_table":2,"minecraft:sweet_berries":2,"minecraft:spruce_log":9,"minecraft:raw_copper":4,"minecraft:wheat_seeds":1,"minecraft:spruce_wood":6,"minecraft:iron_ingot":8,"minecraft:cobblestone":38},"minecraft:crafted":{"minecraft:iron_chestplate":1,"minecraft:crafting_table":1,"minecraft:spruce_planks":48,"minecraft:stick":16,"minecraft:wooden_pickaxe":1,"minecraft:cooked_chicken":1,"minecraft:stone_pickaxe":1,"minecraft:wooden_axe":1,"minecraft:stone_sword":1,"minecraft:spruce_door":3,"minecraft:stone_axe":1,"minecraft:air":0},"minecraft:mined":{"minecraft:large_fern":1,"minecraft:sweet_berry_bush":4,"minecraft:spruce_log":10,"minecraft:spruce_door":1,"minecraft:crafting_table":2,"minecraft:copper_ore":1,"minecraft:spruce_wood":3,"minecraft:stone":40,"minecraft:fern":1},"minecraft:used":{"minecraft:wooden_axe":2,"minecraft:spruce_door":2,"minecraft:stone_pickaxe":23,"minecraft:wooden_pickaxe":19,"minecraft:stone_axe":1,"minecraft:iron_chestplate":1,"minecraft:cobblestone":1,"minecraft:sweet_berries":2,"minecraft:crafting_table":2}},"DataVersion":3953}