{"stats":{"minecraft:crafted":{"minecraft:smooth_stone":3,"minecraft:oak_planks":152,"minecraft:cobblestone_slab":6,"minecraft:cooked_chicken":2,"minecraft:furnace":3,"minecraft:blast_furnace":1,"minecraft:stone":3,"minecraft:bone_meal":30,"minecraft:white_carpet":3,"minecraft:cooked_mutton":4,"minecraft:hopper":1,"minecraft:iron_boots":2,"minecraft:polished_deepslate":372,"minecraft:iron_axe":3,"minecraft:stone_pickaxe":1,"minecraft:cobblestone_wall":6,"minecraft:chest":7,"minecraft:spruce_boat":1,"minecraft:smoker":1,"minecraft:cooked_beef":7,"minecraft:spruce_sign":9,"minecraft:cooked_porkchop":4,"minecraft:crafting_table":8,"minecraft:spruce_planks":136,"minecraft:wooden_pickaxe":1,"minecraft:iron_helmet":1,"minecraft:iron_sword":3,"minecraft:spruce_door":3,"minecraft:bucket":4,"minecraft:birch_planks":8,"minecraft:stone_axe":1,"minecraft:polished_deepslate_slab":744,"minecraft:air":0,"minecraft:spruce_trapdoor":4,"minecraft:white_wool":3,"minecraft:iron_chestplate":1,"minecraft:charcoal":13,"minecraft:shield":3,"minecraft:stick":28,"minecraft:iron_ingot":155,"minecraft:iron_pickaxe":4,"minecraft:stone_sword":1,"minecraft:iron_shovel":6,"minecraft:iron_leggings":1,"minecraft:white_bed":1,"minecraft:torch":20,"minecraft:shears":1},"minecraft:dropped":{"minecraft:iron_ingot":19,"minecraft:porkchop":3,"minecraft:wheat_seeds":4,"minecraft:cooked_beef":4,"minecraft:oak_log":24,"minecraft:mossy_cobblestone":61,"minecraft:diamond":1,"minecraft:cobblestone":2,"minecraft:rooted_dirt":5,"minecraft:saddle":1,"minecraft:coal":28,"minecraft:torch":1,"minecraft:cornflower":2,"minecraft:wooden_axe":1,"minecraft:sand":2,"minecraft:iron_shovel":1,"minecraft:bucket":1,"minecraft:music_disc_cat":1,"minecraft:bone":1,"minecraft:gravel":4,"minecraft:stone_axe":1,"minecraft:coarse_dirt":24,"minecraft:stone_sword":1,"minecraft:rotten_flesh":1,"minecraft:oak_planks":4,"minecraft:pumpkin_seeds":4,"minecraft:stone_pickaxe":1,"minecraft:wooden_pickaxe":1,"minecraft:calcite":1},"minecraft:picked_up":{"minecraft:wooden_axe":2,"minecraft:charcoal":22,"minecraft:iron_chestplate":6,"minecraft:coarse_dirt":282,"minecraft:crafting_table":11,"minecraft:chicken":5,"minecraft:ladder":6,"minecraft:brown_mushroom":1,"minecraft:wooden_pickaxe":5,"minecraft:enchanted_book":1,"minecraft:shield":3,"minecraft:cornflower":5,"minecraft:music_disc_cat":2,"minecraft:string":29,"minecraft:raw_copper":30,"minecraft:iron_axe":5,"minecraft:iron_leggings":6,"minecraft:white_carpet":2,"minecraft:iron_shovel":10,"minecraft:cobbled_deepslate":568,"minecraft:bucket":3,"minecraft:spruce_planks":73,"minecraft:beef":17,"minecraft:cobblestone_slab":6,"minecraft:calcite":1,"minecraft:iron_pickaxe":1,"minecraft:sugar_cane":9,"minecraft:chest":9,"minecraft:spruce_trapdoor":22,"minecraft:furnace":9,"minecraft:iron_boots":5,"minecraft:egg":2,"minecraft:stick":50,"minecraft:raw_iron":288,"minecraft:polished_deepslate_slab":231,"minecraft:oak_door":8,"minecraft:torch":74,"minecraft:porkchop":7,"minecraft:pointed_dripstone":3,"minecraft:carrot":1,"minecraft:redstone":12,"minecraft:dark_oak_planks":4,"minecraft:stone_sword":1,"minecraft:arrow":34,"minecraft:rotten_flesh":152,"minecraft:mangrove_roots":22,"minecraft:saddle":1,"minecraft:obsidian":7,"minecraft:mutton":8,"minecraft:white_wool":6,"minecraft:cobblestone":1450,"minecraft:oxeye_daisy":3,"minecraft:birch_log":15,"minecraft:magma_block":9,"minecraft:feather":6,"minecraft:cooked_beef":5,"minecraft:water_bucket":6,"minecraft:leather":35,"minecraft:smoker":5,"minecraft:potato":1,"minecraft:flint":2,"minecraft:tuff":18,"minecraft:oak_log":61,"minecraft:gunpowder":1,"minecraft:cobblestone_stairs":21,"minecraft:lapis_lazuli":145,"minecraft:dirt":463,"minecraft:bone":24,"minecraft:kelp":139,"minecraft:bow":10,"minecraft:wheat_seeds":52,"minecraft:raw_gold":10,"minecraft:iron_ingot":56,"minecraft:stone_pickaxe":4,"minecraft:cooked_chicken":3,"minecraft:glowstone_dust":12,"minecraft:iron_sword":4,"minecraft:oak_planks":54,"minecraft:soul_sand":22,"minecraft:oak_slab":6,"minecraft:sweet_berries":301,"minecraft:quartz":90,"minecraft:gravel":14,"minecraft:sand":43,"minecraft:jungle_planks":2,"minecraft:spruce_sapling":35,"minecraft:blast_furnace":8,"minecraft:white_bed":4,"minecraft:spruce_log":658,"minecraft:spruce_door":42,"minecraft:spider_eye":1,"minecraft:mossy_cobblestone":80,"minecraft:oak_wood":100,"minecraft:pumpkin_seeds":4,"minecraft:diamond":1,"minecraft:spruce_boat":2,"minecraft:iron_helmet":6,"minecraft:granite":2,"minecraft:bone_meal":20,"minecraft:oak_leaves":209,"minecraft:spruce_sign":22,"minecraft:bread":3,"minecraft:rooted_dirt":27,"minecraft:oak_sapling":8,"minecraft:netherrack":119,"minecraft:coal":604,"minecraft:hopper":3,"minecraft:crimson_roots":12,"minecraft:diamond_pickaxe":6},"minecraft:killed":{"minecraft:spider":3,"minecraft:skeleton":10,"minecraft:chicken":7,"minecraft:piglin":4,"minecraft:hoglin":1,"minecraft:creeper":2,"minecraft:sheep":3,"minecraft:zombie":393,"minecraft:cow":4},"minecraft:broken":{"minecraft:iron_shovel":1,"minecraft:iron_axe":3,"minecraft:iron_sword":1,"minecraft:iron_pickaxe":3},"minecraft:mined":{"minecraft:dark_oak_planks":4,"minecraft:tuff":31,"minecraft:spruce_planks":29,"minecraft:white_bed":4,"minecraft:farmland":1,"minecraft:mossy_cobblestone":69,"minecraft:deepslate_diamond_ore":1,"minecraft:oak_door":4,"minecraft:cobblestone_stairs":21,"minecraft:mangrove_roots":13,"minecraft:obsidian":7,"minecraft:spruce_trapdoor":8,"minecraft:ladder":4,"minecraft:granite":2,"minecraft:grass_block":229,"minecraft:jungle_planks":2,"minecraft:crimson_roots":1,"minecraft:spruce_leaves":26,"minecraft:kelp":2,"minecraft:hopper":3,"minecraft:oxeye_daisy":1,"minecraft:rooted_dirt":22,"minecraft:large_fern":29,"minecraft:magma_block":3,"minecraft:spruce_sapling":2,"minecraft:furnace":8,"minecraft:iron_ore":202,"minecraft:fire":2,"minecraft:cobbled_deepslate":21,"minecraft:deepslate_lapis_ore":6,"minecraft:pointed_dripstone":1,"minecraft:deepslate_iron_ore":39,"minecraft:polished_deepslate_slab":100,"minecraft:stone":983,"minecraft:podzol":64,"minecraft:deepslate_redstone_ore":1,"minecraft:oak_slab":3,"minecraft:soul_sand":21,"minecraft:kelp_plant":13,"minecraft:smoker":4,"minecraft:spruce_door":40,"minecraft:crafting_table":9,"minecraft:torch":18,"minecraft:short_grass":133,"minecraft:blast_furnace":8,"minecraft:oak_wood":87,"minecraft:calcite":1,"minecraft:chest":10,"minecraft:nether_quartz_ore":30,"minecraft:copper_ore":2,"minecraft:spruce_wall_sign":15,"minecraft:cobblestone":355,"minecraft:oak_planks":36,"minecraft:deepslate_gold_ore":2,"minecraft:lapis_ore":5,"minecraft:sugar_cane":4,"minecraft:wall_torch":25,"minecraft:coarse_dirt":216,"minecraft:birch_log":17,"minecraft:sweet_berry_bush":91,"minecraft:spruce_log":538,"minecraft:birch_leaves":44,"minecraft:coal_ore":173,"minecraft:oak_log":38,"minecraft:gravel":22,"minecraft:dirt":105,"minecraft:sand":40,"minecraft:netherrack":58,"minecraft:gold_ore":3,"minecraft:oak_leaves":390,"minecraft:deepslate":530,"minecraft:fern":11},"minecraft:killed_by":{"minecraft:skeleton":1,"minecraft:zombie":2},"minecraft:used":{"minecraft:iron_shovel":645,"minecraft:stone_sword":98,"minecraft:chest":15,"minecraft:spruce_planks":41,"minecraft:shield":75,"minecraft:iron_sword":334,"minecraft:cooked_chicken":5,"minecraft:rotten_flesh":9,"minecraft:netherrack":35,"minecraft:spruce_leaves":27,"minecraft:torch":55,"minecraft:soul_sand":14,"minecraft:dirt":351,"minecraft:white_carpet":1,"minecraft:hopper":4,"minecraft:cobblestone_wall":2,"minecraft:oak_wood":17,"minecraft:tuff":16,"minecraft:obsidian":7,"minecraft:spruce_boat":3,"minecraft:wooden_axe":9,"minecraft:lava_bucket":6,"minecraft:rooted_dirt":1,"minecraft:iron_axe":838,"minecraft:iron_helmet":1,"minecraft:iron_boots":1,"minecraft:mangrove_roots":7,"minecraft:sweet_berries":222,"minecraft:furnace":9,"minecraft:egg":2,"minecraft:cooked_beef":8,"minecraft:cobbled_deepslate":21,"minecraft:iron_leggings":1,"minecraft:cooked_mutton":4,"minecraft:water_bucket":138,"minecraft:cobblestone_stairs":15,"minecraft:spruce_door":44,"minecraft:birch_planks":6,"minecraft:oak_planks":108,"minecraft:stone_pickaxe":50,"minecraft:wooden_pickaxe":32,"minecraft:spruce_sign":19,"minecraft:cobblestone_slab":6,"minecraft:mossy_cobblestone":4,"minecraft:polished_deepslate_slab":720,"minecraft:oak_slab":6,"minecraft:blast_furnace":9,"minecraft:crafting_table":14,"minecraft:shears":233,"minecraft:white_bed":5,"minecraft:spruce_log":469,"minecraft:smoker":6,"minecraft:oak_log":2,"minecraft:diamond_pickaxe":1478,"minecraft:iron_pickaxe":1182,"minecraft:bread":3,"minecraft:spruce_trapdoor":8,"minecraft:spruce_sapling":14,"minecraft:stone_axe":122,"minecraft:cobblestone":1110,"minecraft:cooked_porkchop":4,"minecraft:bucket":148,"minecraft:birch_log":9,"minecraft:kelp":49,"minecraft:coarse_dirt":111,"minecraft:bone_meal":15},"minecraft:custom":{"minecraft:mob_kills":429,"minecraft:inspect_hopper":10,"minecraft:interact_with_crafting_table":73,"minecraft:leave_game":6,"minecraft:time_since_death":33425,"minecraft:climb_one_cm":12971,"minecraft:sprint_one_cm":561987,"minecraft:walk_one_cm":1180085,"minecraft:damage_blocked_by_shield":2750,"minecraft:drop":40,"minecraft:talked_to_villager":1,"minecraft:play_time":522213,"minecraft:deaths":7,"minecraft:sneak_time":9892,"minecraft:walk_under_water_one_cm":155063,"minecraft:boat_one_cm":29234,"minecraft:jump":4403,"minecraft:interact_with_brewingstand":2,"minecraft:interact_with_blast_furnace":53,"minecraft:walk_on_water_one_cm":117593,"minecraft:total_world_time":522213,"minecraft:interact_with_furnace":46,"minecraft:sleep_in_bed":13,"minecraft:time_since_rest":11496,"minecraft:damage_taken":5882,"minecraft:damage_dealt":11346,"minecraft:swim_one_cm":316054,"minecraft:fly_one_cm":372045,"minecraft:open_chest":149,"minecraft:crouch_one_cm":24547,"minecraft:interact_with_smoker":15,"minecraft:fall_one_cm":91213}},"DataVersion":3953}