{"stats":{"minecraft:dropped":{"minecraft:iron_ingot":19,"minecraft:wheat_seeds":4,"minecraft:porkchop":3,"minecraft:cooked_beef":4,"minecraft:oak_log":24,"minecraft:mossy_cobblestone":61,"minecraft:diamond":1,"minecraft:cobblestone":2,"minecraft:rooted_dirt":5,"minecraft:saddle":1,"minecraft:coal":28,"minecraft:torch":1,"minecraft:cornflower":2,"minecraft:wooden_axe":1,"minecraft:sand":2,"minecraft:iron_shovel":1,"minecraft:bucket":1,"minecraft:music_disc_cat":1,"minecraft:bone":1,"minecraft:gravel":4,"minecraft:stone_axe":1,"minecraft:coarse_dirt":24,"minecraft:stone_sword":1,"minecraft:rotten_flesh":1,"minecraft:oak_planks":4,"minecraft:pumpkin_seeds":4,"minecraft:wooden_pickaxe":1,"minecraft:stone_pickaxe":1,"minecraft:calcite":1},"minecraft:custom":{"minecraft:mob_kills":247,"minecraft:inspect_hopper":10,"minecraft:interact_with_crafting_table":65,"minecraft:leave_game":5,"minecraft:time_since_death":31412,"minecraft:climb_one_cm":12971,"minecraft:sprint_one_cm":434105,"minecraft:walk_one_cm":929408,"minecraft:damage_blocked_by_shield":2750,"minecraft:drop":40,"minecraft:play_time":407055,"minecraft:deaths":5,"minecraft:sneak_time":7482,"minecraft:walk_under_water_one_cm":154690,"minecraft:boat_one_cm":29234,"minecraft:jump":3450,"minecraft:interact_with_brewingstand":2,"minecraft:interact_with_blast_furnace":53,"minecraft:walk_on_water_one_cm":117397,"minecraft:total_world_time":407055,"minecraft:interact_with_furnace":41,"minecraft:sleep_in_bed":5,"minecraft:time_since_rest":1212,"minecraft:damage_taken":4929,"minecraft:damage_dealt":9585,"minecraft:swim_one_cm":316054,"minecraft:fly_one_cm":315872,"minecraft:open_chest":124,"minecraft:crouch_one_cm":16284,"minecraft:interact_with_smoker":12,"minecraft:fall_one_cm":76639},"minecraft:broken":{"minecraft:iron_shovel":1,"minecraft:iron_pickaxe":3},"minecraft:picked_up":{"minecraft:wooden_axe":2,"minecraft:iron_chestplate":5,"minecraft:charcoal":22,"minecraft:coarse_dirt":240,"minecraft:crafting_table":11,"minecraft:chicken":5,"minecraft:ladder":6,"minecraft:brown_mushroom":1,"minecraft:wooden_pickaxe":5,"minecraft:enchanted_book":1,"minecraft:shield":2,"minecraft:iron_axe":4,"minecraft:cornflower":5,"minecraft:music_disc_cat":2,"minecraft:raw_copper":30,"minecraft:string":27,"minecraft:iron_leggings":5,"minecraft:iron_shovel":6,"minecraft:cobbled_deepslate":373,"minecraft:bucket":3,"minecraft:spruce_planks":69,"minecraft:beef":17,"minecraft:cobblestone_slab":6,"minecraft:calcite":1,"minecraft:iron_pickaxe":1,"minecraft:sugar_cane":9,"minecraft:chest":9,"minecraft:spruce_trapdoor":18,"minecraft:iron_boots":4,"minecraft:furnace":9,"minecraft:egg":2,"minecraft:raw_iron":264,"minecraft:stick":16,"minecraft:polished_deepslate_slab":28,"minecraft:oak_door":8,"minecraft:torch":54,"minecraft:porkchop":7,"minecraft:pointed_dripstone":3,"minecraft:redstone":12,"minecraft:dark_oak_planks":4,"minecraft:stone_sword":1,"minecraft:arrow":27,"minecraft:rotten_flesh":94,"minecraft:mangrove_roots":20,"minecraft:saddle":1,"minecraft:mutton":8,"minecraft:obsidian":7,"minecraft:white_wool":6,"minecraft:cobblestone":1392,"minecraft:oxeye_daisy":3,"minecraft:magma_block":9,"minecraft:feather":6,"minecraft:cooked_beef":5,"minecraft:water_bucket":4,"minecraft:leather":35,"minecraft:smoker":5,"minecraft:flint":2,"minecraft:tuff":14,"minecraft:oak_log":59,"minecraft:gunpowder":1,"minecraft:cobblestone_stairs":21,"minecraft:lapis_lazuli":145,"minecraft:dirt":348,"minecraft:bone":24,"minecraft:kelp":139,"minecraft:bow":10,"minecraft:wheat_seeds":34,"minecraft:iron_ingot":25,"minecraft:stone_pickaxe":4,"minecraft:cooked_chicken":3,"minecraft:glowstone_dust":12,"minecraft:iron_sword":3,"minecraft:oak_planks":50,"minecraft:soul_sand":22,"minecraft:oak_slab":6,"minecraft:sweet_berries":291,"minecraft:quartz":90,"minecraft:sand":37,"minecraft:gravel":4,"minecraft:jungle_planks":2,"minecraft:spruce_sapling":1,"minecraft:blast_furnace":8,"minecraft:white_bed":4,"minecraft:spruce_log":79,"minecraft:spider_eye":1,"minecraft:spruce_door":42,"minecraft:mossy_cobblestone":80,"minecraft:oak_wood":33,"minecraft:pumpkin_seeds":4,"minecraft:diamond":1,"minecraft:spruce_boat":2,"minecraft:iron_helmet":5,"minecraft:granite":2,"minecraft:spruce_sign":20,"minecraft:bread":3,"minecraft:rooted_dirt":27,"minecraft:oak_sapling":4,"minecraft:netherrack":119,"minecraft:hopper":3,"minecraft:coal":604,"minecraft:crimson_roots":12,"minecraft:diamond_pickaxe":5},"minecraft:killed_by":{"minecraft:zombie":1},"minecraft:crafted":{"minecraft:oak_planks":48,"minecraft:smooth_stone":3,"minecraft:cobblestone_slab":6,"minecraft:cooked_chicken":2,"minecraft:furnace":3,"minecraft:blast_furnace":1,"minecraft:stone":3,"minecraft:white_carpet":3,"minecraft:hopper":1,"minecraft:polished_deepslate":196,"minecraft:iron_boots":2,"minecraft:iron_axe":1,"minecraft:stone_pickaxe":1,"minecraft:cobblestone_wall":6,"minecraft:chest":7,"minecraft:spruce_boat":1,"minecraft:smoker":1,"minecraft:cooked_beef":7,"minecraft:cooked_porkchop":4,"minecraft:spruce_sign":9,"minecraft:crafting_table":8,"minecraft:spruce_planks":136,"minecraft:wooden_pickaxe":1,"minecraft:iron_helmet":1,"minecraft:iron_sword":2,"minecraft:spruce_door":3,"minecraft:bucket":4,"minecraft:polished_deepslate_slab":384,"minecraft:stone_axe":1,"minecraft:air":0,"minecraft:spruce_trapdoor":4,"minecraft:white_wool":3,"minecraft:iron_chestplate":1,"minecraft:charcoal":13,"minecraft:shield":2,"minecraft:stick":28,"minecraft:iron_ingot":121,"minecraft:iron_pickaxe":4,"minecraft:stone_sword":1,"minecraft:iron_shovel":6,"minecraft:iron_leggings":1,"minecraft:white_bed":1,"minecraft:torch":20},"minecraft:mined":{"minecraft:dark_oak_planks":4,"minecraft:tuff":27,"minecraft:spruce_planks":29,"minecraft:white_bed":4,"minecraft:farmland":1,"minecraft:mossy_cobblestone":69,"minecraft:deepslate_diamond_ore":1,"minecraft:oak_door":4,"minecraft:cobblestone_stairs":21,"minecraft:mangrove_roots":11,"minecraft:obsidian":7,"minecraft:spruce_trapdoor":8,"minecraft:granite":2,"minecraft:ladder":4,"minecraft:grass_block":190,"minecraft:jungle_planks":2,"minecraft:crimson_roots":1,"minecraft:spruce_leaves":15,"minecraft:hopper":3,"minecraft:kelp":2,"minecraft:oxeye_daisy":1,"minecraft:rooted_dirt":22,"minecraft:large_fern":21,"minecraft:magma_block":3,"minecraft:furnace":8,"minecraft:fire":2,"minecraft:iron_ore":182,"minecraft:cobbled_deepslate":21,"minecraft:deepslate_lapis_ore":6,"minecraft:pointed_dripstone":1,"minecraft:polished_deepslate_slab":16,"minecraft:deepslate_iron_ore":35,"minecraft:stone":930,"minecraft:podzol":57,"minecraft:deepslate_redstone_ore":1,"minecraft:oak_slab":3,"minecraft:soul_sand":21,"minecraft:kelp_plant":13,"minecraft:smoker":4,"minecraft:spruce_door":40,"minecraft:crafting_table":9,"minecraft:torch":11,"minecraft:short_grass":117,"minecraft:blast_furnace":8,"minecraft:oak_wood":32,"minecraft:calcite":1,"minecraft:chest":10,"minecraft:copper_ore":2,"minecraft:spruce_wall_sign":15,"minecraft:nether_quartz_ore":30,"minecraft:cobblestone":350,"minecraft:oak_planks":32,"minecraft:lapis_ore":5,"minecraft:sugar_cane":4,"minecraft:wall_torch":22,"minecraft:coarse_dirt":192,"minecraft:sweet_berry_bush":89,"minecraft:spruce_log":78,"minecraft:birch_leaves":23,"minecraft:oak_log":36,"minecraft:coal_ore":173,"minecraft:sand":35,"minecraft:gravel":17,"minecraft:dirt":60,"minecraft:netherrack":58,"minecraft:oak_leaves":30,"minecraft:deepslate":335,"minecraft:fern":10},"minecraft:killed":{"minecraft:spider":2,"minecraft:skeleton":10,"minecraft:chicken":7,"minecraft:piglin":4,"minecraft:hoglin":1,"minecraft:creeper":2,"minecraft:sheep":3,"minecraft:zombie":212,"minecraft:cow":4},"minecraft:used":{"minecraft:stone_sword":98,"minecraft:iron_shovel":538,"minecraft:spruce_planks":41,"minecraft:chest":15,"minecraft:shield":75,"minecraft:iron_sword":255,"minecraft:cooked_chicken":5,"minecraft:rotten_flesh":1,"minecraft:netherrack":35,"minecraft:spruce_leaves":27,"minecraft:torch":44,"minecraft:soul_sand":14,"minecraft:dirt":252,"minecraft:white_carpet":1,"minecraft:hopper":4,"minecraft:cobblestone_wall":2,"minecraft:oak_wood":7,"minecraft:tuff":12,"minecraft:obsidian":7,"minecraft:spruce_boat":3,"minecraft:wooden_axe":9,"minecraft:lava_bucket":6,"minecraft:iron_axe":223,"minecraft:rooted_dirt":1,"minecraft:iron_helmet":1,"minecraft:iron_boots":1,"minecraft:mangrove_roots":7,"minecraft:sweet_berries":206,"minecraft:furnace":9,"minecraft:egg":2,"minecraft:cooked_beef":8,"minecraft:cobbled_deepslate":1,"minecraft:iron_leggings":1,"minecraft:water_bucket":134,"minecraft:cobblestone_stairs":15,"minecraft:spruce_door":44,"minecraft:oak_planks":59,"minecraft:stone_pickaxe":50,"minecraft:wooden_pickaxe":32,"minecraft:spruce_sign":19,"minecraft:cobblestone_slab":6,"minecraft:polished_deepslate_slab":412,"minecraft:mossy_cobblestone":4,"minecraft:oak_slab":6,"minecraft:crafting_table":14,"minecraft:blast_furnace":9,"minecraft:white_bed":5,"minecraft:spruce_log":27,"minecraft:smoker":6,"minecraft:oak_log":2,"minecraft:diamond_pickaxe":1102,"minecraft:bread":3,"minecraft:iron_pickaxe":1182,"minecraft:spruce_trapdoor":8,"minecraft:stone_axe":122,"minecraft:cobblestone":1054,"minecraft:cooked_porkchop":4,"minecraft:bucket":145,"minecraft:kelp":49,"minecraft:coarse_dirt":82}},"DataVersion":3953}