{"stats":{"minecraft:used":{"minecraft:stone_axe":20,"minecraft:dirt":3,"minecraft:crafting_table":1,"minecraft:stone_pickaxe":15,"minecraft:spruce_planks":3,"minecraft:wooden_pickaxe":3},"minecraft:crafted":{"minecraft:furnace":1,"minecraft:stone_axe":1,"minecraft:crafting_table":1,"minecraft:spruce_planks":20,"minecraft:stick":8,"minecraft:stone_pickaxe":1,"minecraft:wooden_pickaxe":1},"minecraft:mined":{"minecraft:coal_ore":2,"minecraft:short_grass":1,"minecraft:grass_block":1,"minecraft:spruce_planks":3,"minecraft:dirt":8,"minecraft:iron_ore":1,"minecraft:stone":15,"minecraft:spruce_leaves":15,"minecraft:spruce_log":13,"minecraft:dandelion":1,"minecraft:crafting_table":1},"minecraft:custom":{"minecraft:time_since_rest":9079,"minecraft:crouch_one_cm":155,"minecraft:play_time":9079,"minecraft:sprint_one_cm":14893,"minecraft:damage_taken":40,"minecraft:walk_one_cm":13948,"minecraft:sneak_time":28,"minecraft:jump":129,"minecraft:time_since_death":9079,"minecraft:total_world_time":9079,"minecraft:interact_with_crafting_table":7,"minecraft:fall_one_cm":3388,"minecraft:fly_one_cm":27606},"minecraft:picked_up":{"minecraft:stick":1,"minecraft:crafting_table":1,"minecraft:raw_iron":1,"minecraft:rotten_flesh":5,"minecraft:dandelion":1,"minecraft:spruce_planks":3,"minecraft:spruce_sapling":5,"minecraft:spruce_log":13,"minecraft:coal":2,"minecraft:dirt":3,"minecraft:cobblestone":15}},"DataVersion":3953}