{"stats":{"minecraft:dropped":{"minecraft:iron_ingot":8,"minecraft:mossy_cobblestone":61,"minecraft:saddle":1,"minecraft:coal":28,"minecraft:torch":1,"minecraft:cornflower":2,"minecraft:wooden_axe":1,"minecraft:bucket":1,"minecraft:music_disc_cat":1,"minecraft:bone":1,"minecraft:gravel":4,"minecraft:stone_axe":1,"minecraft:stone_sword":1,"minecraft:pumpkin_seeds":4,"minecraft:stone_pickaxe":1,"minecraft:calcite":1},"minecraft:custom":{"minecraft:mob_kills":30,"minecraft:interact_with_crafting_table":48,"minecraft:leave_game":5,"minecraft:time_since_death":31899,"minecraft:climb_one_cm":6089,"minecraft:sprint_one_cm":198458,"minecraft:walk_one_cm":354485,"minecraft:damage_blocked_by_shield":830,"minecraft:drop":20,"minecraft:play_time":203055,"minecraft:deaths":1,"minecraft:sneak_time":2264,"minecraft:walk_under_water_one_cm":62280,"minecraft:boat_one_cm":29234,"minecraft:jump":1608,"minecraft:interact_with_blast_furnace":51,"minecraft:walk_on_water_one_cm":37517,"minecraft:total_world_time":203055,"minecraft:interact_with_furnace":34,"minecraft:sleep_in_bed":1,"minecraft:time_since_rest":31939,"minecraft:damage_taken":2162,"minecraft:damage_dealt":4772,"minecraft:swim_one_cm":258926,"minecraft:fly_one_cm":174678,"minecraft:open_chest":30,"minecraft:crouch_one_cm":1799,"minecraft:interact_with_smoker":3,"minecraft:fall_one_cm":34730},"minecraft:broken":{"minecraft:iron_pickaxe":2},"minecraft:picked_up":{"minecraft:wooden_axe":2,"minecraft:iron_chestplate":1,"minecraft:charcoal":14,"minecraft:coarse_dirt":13,"minecraft:crafting_table":6,"minecraft:chicken":4,"minecraft:ladder":3,"minecraft:brown_mushroom":1,"minecraft:wooden_pickaxe":1,"minecraft:enchanted_book":1,"minecraft:cornflower":3,"minecraft:music_disc_cat":2,"minecraft:string":17,"minecraft:iron_leggings":1,"minecraft:cobbled_deepslate":83,"minecraft:bucket":1,"minecraft:spruce_planks":42,"minecraft:beef":17,"minecraft:calcite":1,"minecraft:iron_pickaxe":1,"minecraft:sugar_cane":9,"minecraft:furnace":7,"minecraft:egg":2,"minecraft:raw_iron":253,"minecraft:stick":2,"minecraft:torch":8,"minecraft:pointed_dripstone":1,"minecraft:redstone":4,"minecraft:dark_oak_planks":4,"minecraft:stone_sword":1,"minecraft:arrow":7,"minecraft:rotten_flesh":19,"minecraft:saddle":1,"minecraft:cobblestone":583,"minecraft:oxeye_daisy":1,"minecraft:magma_block":3,"minecraft:feather":3,"minecraft:cooked_beef":3,"minecraft:leather":4,"minecraft:smoker":2,"minecraft:tuff":2,"minecraft:gunpowder":1,"minecraft:lapis_lazuli":71,"minecraft:dirt":10,"minecraft:bone":8,"minecraft:kelp":16,"minecraft:bow":3,"minecraft:wheat_seeds":7,"minecraft:iron_ingot":1,"minecraft:stone_pickaxe":2,"minecraft:cooked_chicken":3,"minecraft:oak_slab":3,"minecraft:sweet_berries":135,"minecraft:gravel":4,"minecraft:jungle_planks":2,"minecraft:blast_furnace":8,"minecraft:white_bed":1,"minecraft:spruce_log":64,"minecraft:spruce_door":42,"minecraft:mossy_cobblestone":68,"minecraft:pumpkin_seeds":4,"minecraft:diamond":1,"minecraft:spruce_boat":2,"minecraft:iron_helmet":1,"minecraft:granite":2,"minecraft:spruce_sign":2,"minecraft:bread":3,"minecraft:rooted_dirt":1,"minecraft:coal":520},"minecraft:killed_by":{"minecraft:zombie":1},"minecraft:crafted":{"minecraft:smooth_stone":3,"minecraft:furnace":3,"minecraft:blast_furnace":1,"minecraft:stone":3,"minecraft:iron_boots":2,"minecraft:iron_axe":1,"minecraft:stone_pickaxe":1,"minecraft:cobblestone_wall":6,"minecraft:chest":1,"minecraft:spruce_boat":1,"minecraft:smoker":1,"minecraft:cooked_beef":7,"minecraft:spruce_sign":3,"minecraft:crafting_table":8,"minecraft:spruce_planks":80,"minecraft:wooden_pickaxe":1,"minecraft:iron_helmet":1,"minecraft:iron_sword":2,"minecraft:spruce_door":3,"minecraft:bucket":4,"minecraft:stone_axe":1,"minecraft:air":0,"minecraft:white_wool":3,"minecraft:iron_chestplate":1,"minecraft:charcoal":13,"minecraft:shield":2,"minecraft:stick":24,"minecraft:iron_ingot":121,"minecraft:iron_pickaxe":4,"minecraft:stone_sword":1,"minecraft:iron_leggings":1,"minecraft:white_bed":1,"minecraft:torch":20},"minecraft:mined":{"minecraft:dark_oak_planks":4,"minecraft:tuff":15,"minecraft:spruce_planks":10,"minecraft:white_bed":1,"minecraft:mossy_cobblestone":67,"minecraft:deepslate_diamond_ore":1,"minecraft:granite":2,"minecraft:ladder":3,"minecraft:grass_block":3,"minecraft:jungle_planks":2,"minecraft:spruce_leaves":5,"minecraft:kelp":1,"minecraft:oxeye_daisy":1,"minecraft:rooted_dirt":1,"minecraft:large_fern":14,"minecraft:magma_block":3,"minecraft:furnace":7,"minecraft:iron_ore":177,"minecraft:deepslate_lapis_ore":6,"minecraft:pointed_dripstone":1,"minecraft:deepslate_iron_ore":30,"minecraft:stone":450,"minecraft:podzol":1,"minecraft:deepslate_redstone_ore":1,"minecraft:kelp_plant":5,"minecraft:smoker":1,"minecraft:spruce_door":40,"minecraft:crafting_table":7,"minecraft:torch":1,"minecraft:short_grass":26,"minecraft:blast_furnace":8,"minecraft:calcite":1,"minecraft:chest":1,"minecraft:spruce_wall_sign":2,"minecraft:cobblestone":130,"minecraft:lapis_ore":5,"minecraft:sugar_cane":4,"minecraft:wall_torch":2,"minecraft:coarse_dirt":13,"minecraft:sweet_berry_bush":54,"minecraft:spruce_log":64,"minecraft:coal_ore":129,"minecraft:gravel":1,"minecraft:dirt":7,"minecraft:deepslate":125,"minecraft:fern":10},"minecraft:killed":{"minecraft:spider":2,"minecraft:skeleton":7,"minecraft:chicken":5,"minecraft:creeper":2,"minecraft:zombie":9,"minecraft:cow":4},"minecraft:used":{"minecraft:stone_sword":98,"minecraft:spruce_planks":11,"minecraft:chest":1,"minecraft:shield":25,"minecraft:iron_sword":53,"minecraft:cooked_chicken":3,"minecraft:rotten_flesh":1,"minecraft:spruce_leaves":27,"minecraft:torch":16,"minecraft:dirt":8,"minecraft:cobblestone_wall":2,"minecraft:spruce_boat":3,"minecraft:wooden_axe":9,"minecraft:lava_bucket":1,"minecraft:iron_axe":2,"minecraft:rooted_dirt":1,"minecraft:iron_helmet":1,"minecraft:sweet_berries":113,"minecraft:furnace":7,"minecraft:egg":2,"minecraft:cooked_beef":4,"minecraft:iron_leggings":1,"minecraft:water_bucket":17,"minecraft:spruce_door":44,"minecraft:stone_pickaxe":50,"minecraft:wooden_pickaxe":32,"minecraft:spruce_sign":3,"minecraft:mossy_cobblestone":3,"minecraft:crafting_table":12,"minecraft:blast_furnace":8,"minecraft:white_bed":2,"minecraft:spruce_log":27,"minecraft:smoker":2,"minecraft:bread":3,"minecraft:iron_pickaxe":1089,"minecraft:stone_axe":122,"minecraft:cobblestone":371,"minecraft:bucket":21,"minecraft:coarse_dirt":12}},"DataVersion":3953}