{"stats":{"minecraft:mined":{"minecraft:birch_log":3,"minecraft:birch_leaves":10},"minecraft:custom":{"minecraft:jump":8,"minecraft:time_since_rest":16375,"minecraft:leave_game":1,"minecraft:sprint_one_cm":212,"minecraft:play_time":16375,"minecraft:time_since_death":16375,"minecraft:walk_one_cm":3496,"minecraft:total_world_time":16375,"minecraft:fall_one_cm":209,"minecraft:fly_one_cm":344},"minecraft:used":{"minecraft:birch_planks":2},"minecraft:picked_up":{"minecraft:birch_sapling":2,"minecraft:birch_log":3},"minecraft:crafted":{"minecraft:birch_planks":12}},"DataVersion":3953}