{"stats":{"minecraft:dropped":{"minecraft:gravel":1,"minecraft:iron_ingot":8,"minecraft:coal":28,"minecraft:calcite":1,"minecraft:bone":1},"minecraft:custom":{"minecraft:interact_with_furnace":27,"minecraft:mob_kills":8,"minecraft:interact_with_crafting_table":32,"minecraft:leave_game":5,"minecraft:time_since_death":89055,"minecraft:time_since_rest":89055,"minecraft:sprint_one_cm":48460,"minecraft:damage_taken":709,"minecraft:walk_one_cm":79232,"minecraft:damage_blocked_by_shield":60,"minecraft:drop":5,"minecraft:damage_dealt":836,"minecraft:swim_one_cm":149246,"minecraft:fly_one_cm":56015,"minecraft:crouch_one_cm":431,"minecraft:play_time":89055,"minecraft:sneak_time":718,"minecraft:walk_under_water_one_cm":35748,"minecraft:boat_one_cm":13886,"minecraft:jump":552,"minecraft:interact_with_blast_furnace":22,"minecraft:walk_on_water_one_cm":11833,"minecraft:total_world_time":89055,"minecraft:fall_one_cm":9161},"minecraft:picked_up":{"minecraft:wooden_axe":1,"minecraft:magma_block":1,"minecraft:charcoal":14,"minecraft:crafting_table":3,"minecraft:coarse_dirt":13,"minecraft:feather":3,"minecraft:chicken":4,"minecraft:lapis_lazuli":34,"minecraft:string":2,"minecraft:dirt":9,"minecraft:bone":1,"minecraft:kelp":16,"minecraft:bow":1,"minecraft:wheat_seeds":7,"minecraft:spruce_planks":10,"minecraft:cooked_chicken":3,"minecraft:calcite":1,"minecraft:egg":2,"minecraft:furnace":5,"minecraft:stick":2,"minecraft:raw_iron":67,"minecraft:sweet_berries":72,"minecraft:gravel":2,"minecraft:blast_furnace":3,"minecraft:spruce_log":60,"minecraft:mossy_cobblestone":4,"minecraft:spruce_door":23,"minecraft:arrow":2,"minecraft:rotten_flesh":1,"minecraft:spruce_boat":1,"minecraft:rooted_dirt":1,"minecraft:coal":142,"minecraft:cobblestone":129,"minecraft:oxeye_daisy":1},"minecraft:crafted":{"minecraft:smooth_stone":3,"minecraft:crafting_table":4,"minecraft:spruce_planks":44,"minecraft:wooden_pickaxe":1,"minecraft:iron_helmet":1,"minecraft:iron_sword":1,"minecraft:spruce_door":3,"minecraft:furnace":3,"minecraft:blast_furnace":1,"minecraft:stone":3,"minecraft:stone_axe":1,"minecraft:air":0,"minecraft:iron_boots":1,"minecraft:iron_chestplate":1,"minecraft:charcoal":13,"minecraft:shield":1,"minecraft:stick":12,"minecraft:iron_ingot":62,"minecraft:iron_pickaxe":2,"minecraft:stone_pickaxe":1,"minecraft:stone_sword":1,"minecraft:iron_leggings":1,"minecraft:spruce_boat":1,"minecraft:smoker":1},"minecraft:mined":{"minecraft:podzol":1,"minecraft:spruce_planks":10,"minecraft:mossy_cobblestone":4,"minecraft:kelp_plant":5,"minecraft:spruce_door":21,"minecraft:crafting_table":4,"minecraft:short_grass":19,"minecraft:blast_furnace":3,"minecraft:grass_block":3,"minecraft:calcite":1,"minecraft:cobblestone":6,"minecraft:spruce_leaves":4,"minecraft:lapis_ore":5,"minecraft:kelp":1,"minecraft:oxeye_daisy":1,"minecraft:rooted_dirt":1,"minecraft:large_fern":14,"minecraft:magma_block":1,"minecraft:coarse_dirt":13,"minecraft:furnace":5,"minecraft:iron_ore":68,"minecraft:sweet_berry_bush":33,"minecraft:spruce_log":60,"minecraft:coal_ore":40,"minecraft:gravel":1,"minecraft:dirt":6,"minecraft:stone":121,"minecraft:fern":10},"minecraft:killed":{"minecraft:spider":1,"minecraft:skeleton":2,"minecraft:zombie":1,"minecraft:chicken":4},"minecraft:used":{"minecraft:stone_sword":65,"minecraft:spruce_door":23,"minecraft:stone_pickaxe":50,"minecraft:shield":2,"minecraft:spruce_planks":10,"minecraft:wooden_pickaxe":32,"minecraft:cooked_chicken":3,"minecraft:rotten_flesh":1,"minecraft:dirt":7,"minecraft:crafting_table":7,"minecraft:blast_furnace":3,"minecraft:spruce_log":21,"minecraft:spruce_boat":1,"minecraft:rooted_dirt":1,"minecraft:iron_pickaxe":178,"minecraft:stone_axe":94,"minecraft:cobblestone":32,"minecraft:sweet_berries":44,"minecraft:furnace":5,"minecraft:coarse_dirt":12}},"DataVersion":3953}