{"stats":{"minecraft:dropped":{"minecraft:iron_ingot":8,"minecraft:porkchop":3,"minecraft:cooked_beef":4,"minecraft:mossy_cobblestone":61,"minecraft:diamond":1,"minecraft:saddle":1,"minecraft:coal":28,"minecraft:torch":1,"minecraft:cornflower":2,"minecraft:wooden_axe":1,"minecraft:bucket":1,"minecraft:music_disc_cat":1,"minecraft:bone":1,"minecraft:gravel":4,"minecraft:stone_axe":1,"minecraft:stone_sword":1,"minecraft:pumpkin_seeds":4,"minecraft:stone_pickaxe":1,"minecraft:calcite":1},"minecraft:custom":{"minecraft:mob_kills":36,"minecraft:interact_with_crafting_table":49,"minecraft:leave_game":5,"minecraft:time_since_death":79899,"minecraft:climb_one_cm":6711,"minecraft:sprint_one_cm":264346,"minecraft:walk_one_cm":474056,"minecraft:damage_blocked_by_shield":1700,"minecraft:drop":28,"minecraft:play_time":251055,"minecraft:deaths":1,"minecraft:sneak_time":4052,"minecraft:walk_under_water_one_cm":98100,"minecraft:boat_one_cm":29234,"minecraft:jump":2077,"minecraft:interact_with_blast_furnace":53,"minecraft:walk_on_water_one_cm":67364,"minecraft:total_world_time":251055,"minecraft:interact_with_furnace":36,"minecraft:sleep_in_bed":1,"minecraft:time_since_rest":79939,"minecraft:damage_taken":3242,"minecraft:damage_dealt":6223,"minecraft:swim_one_cm":286147,"minecraft:fly_one_cm":222774,"minecraft:open_chest":37,"minecraft:crouch_one_cm":5626,"minecraft:interact_with_smoker":9,"minecraft:fall_one_cm":48053},"minecraft:broken":{"minecraft:iron_pickaxe":2},"minecraft:picked_up":{"minecraft:wooden_axe":2,"minecraft:iron_chestplate":1,"minecraft:charcoal":14,"minecraft:coarse_dirt":13,"minecraft:crafting_table":6,"minecraft:chicken":4,"minecraft:ladder":3,"minecraft:brown_mushroom":1,"minecraft:wooden_pickaxe":1,"minecraft:enchanted_book":1,"minecraft:cornflower":3,"minecraft:music_disc_cat":2,"minecraft:string":17,"minecraft:iron_leggings":1,"minecraft:cobbled_deepslate":96,"minecraft:bucket":1,"minecraft:spruce_planks":43,"minecraft:beef":17,"minecraft:calcite":1,"minecraft:iron_pickaxe":1,"minecraft:sugar_cane":9,"minecraft:furnace":7,"minecraft:egg":2,"minecraft:raw_iron":253,"minecraft:stick":2,"minecraft:torch":12,"minecraft:porkchop":7,"minecraft:pointed_dripstone":1,"minecraft:redstone":4,"minecraft:dark_oak_planks":4,"minecraft:stone_sword":1,"minecraft:arrow":7,"minecraft:rotten_flesh":19,"minecraft:saddle":1,"minecraft:obsidian":7,"minecraft:cobblestone":794,"minecraft:oxeye_daisy":1,"minecraft:magma_block":3,"minecraft:feather":3,"minecraft:cooked_beef":5,"minecraft:leather":7,"minecraft:smoker":4,"minecraft:tuff":2,"minecraft:gunpowder":1,"minecraft:lapis_lazuli":71,"minecraft:dirt":10,"minecraft:bone":8,"minecraft:kelp":66,"minecraft:bow":3,"minecraft:wheat_seeds":7,"minecraft:iron_ingot":1,"minecraft:stone_pickaxe":2,"minecraft:cooked_chicken":3,"minecraft:glowstone_dust":4,"minecraft:soul_sand":14,"minecraft:oak_slab":6,"minecraft:sweet_berries":146,"minecraft:quartz":30,"minecraft:gravel":4,"minecraft:jungle_planks":2,"minecraft:blast_furnace":8,"minecraft:white_bed":2,"minecraft:spruce_log":64,"minecraft:spider_eye":1,"minecraft:spruce_door":42,"minecraft:mossy_cobblestone":68,"minecraft:pumpkin_seeds":4,"minecraft:diamond":1,"minecraft:spruce_boat":2,"minecraft:iron_helmet":1,"minecraft:granite":2,"minecraft:spruce_sign":6,"minecraft:bread":3,"minecraft:rooted_dirt":1,"minecraft:netherrack":63,"minecraft:coal":522,"minecraft:crimson_roots":4,"minecraft:diamond_pickaxe":1},"minecraft:killed_by":{"minecraft:zombie":1},"minecraft:crafted":{"minecraft:smooth_stone":3,"minecraft:furnace":3,"minecraft:blast_furnace":1,"minecraft:stone":3,"minecraft:iron_boots":2,"minecraft:iron_axe":1,"minecraft:stone_pickaxe":1,"minecraft:cobblestone_wall":6,"minecraft:chest":1,"minecraft:spruce_boat":1,"minecraft:smoker":1,"minecraft:cooked_beef":7,"minecraft:cooked_porkchop":4,"minecraft:spruce_sign":6,"minecraft:crafting_table":8,"minecraft:spruce_planks":80,"minecraft:wooden_pickaxe":1,"minecraft:iron_helmet":1,"minecraft:iron_sword":2,"minecraft:spruce_door":3,"minecraft:bucket":4,"minecraft:stone_axe":1,"minecraft:air":0,"minecraft:white_wool":3,"minecraft:iron_chestplate":1,"minecraft:charcoal":13,"minecraft:shield":2,"minecraft:stick":24,"minecraft:iron_ingot":121,"minecraft:iron_pickaxe":4,"minecraft:stone_sword":1,"minecraft:iron_leggings":1,"minecraft:white_bed":1,"minecraft:torch":20},"minecraft:mined":{"minecraft:dark_oak_planks":4,"minecraft:tuff":15,"minecraft:spruce_planks":13,"minecraft:white_bed":2,"minecraft:mossy_cobblestone":67,"minecraft:deepslate_diamond_ore":1,"minecraft:obsidian":7,"minecraft:granite":2,"minecraft:ladder":3,"minecraft:grass_block":3,"minecraft:jungle_planks":2,"minecraft:crimson_roots":1,"minecraft:spruce_leaves":5,"minecraft:kelp":1,"minecraft:oxeye_daisy":1,"minecraft:rooted_dirt":1,"minecraft:large_fern":14,"minecraft:magma_block":3,"minecraft:furnace":7,"minecraft:fire":2,"minecraft:iron_ore":177,"minecraft:cobbled_deepslate":3,"minecraft:deepslate_lapis_ore":6,"minecraft:pointed_dripstone":1,"minecraft:deepslate_iron_ore":30,"minecraft:stone":603,"minecraft:podzol":1,"minecraft:deepslate_redstone_ore":1,"minecraft:oak_slab":3,"minecraft:soul_sand":14,"minecraft:kelp_plant":13,"minecraft:smoker":3,"minecraft:spruce_door":40,"minecraft:crafting_table":7,"minecraft:torch":3,"minecraft:short_grass":28,"minecraft:blast_furnace":8,"minecraft:calcite":1,"minecraft:chest":1,"minecraft:spruce_wall_sign":6,"minecraft:nether_quartz_ore":30,"minecraft:cobblestone":192,"minecraft:lapis_ore":5,"minecraft:sugar_cane":4,"minecraft:wall_torch":4,"minecraft:coarse_dirt":13,"minecraft:sweet_berry_bush":58,"minecraft:spruce_log":64,"minecraft:coal_ore":131,"minecraft:gravel":1,"minecraft:dirt":7,"minecraft:netherrack":58,"minecraft:deepslate":138,"minecraft:fern":10},"minecraft:killed":{"minecraft:spider":2,"minecraft:skeleton":7,"minecraft:chicken":5,"minecraft:piglin":4,"minecraft:hoglin":1,"minecraft:creeper":2,"minecraft:zombie":9,"minecraft:cow":4},"minecraft:used":{"minecraft:stone_sword":98,"minecraft:spruce_planks":18,"minecraft:chest":1,"minecraft:shield":39,"minecraft:iron_sword":97,"minecraft:cooked_chicken":3,"minecraft:rotten_flesh":1,"minecraft:netherrack":35,"minecraft:spruce_leaves":27,"minecraft:torch":21,"minecraft:soul_sand":7,"minecraft:dirt":8,"minecraft:cobblestone_wall":2,"minecraft:obsidian":7,"minecraft:spruce_boat":3,"minecraft:wooden_axe":9,"minecraft:lava_bucket":6,"minecraft:iron_axe":12,"minecraft:rooted_dirt":1,"minecraft:iron_helmet":1,"minecraft:sweet_berries":130,"minecraft:furnace":7,"minecraft:egg":2,"minecraft:cooked_beef":8,"minecraft:iron_leggings":1,"minecraft:water_bucket":70,"minecraft:spruce_door":44,"minecraft:stone_pickaxe":50,"minecraft:wooden_pickaxe":32,"minecraft:spruce_sign":10,"minecraft:mossy_cobblestone":3,"minecraft:oak_slab":6,"minecraft:crafting_table":12,"minecraft:blast_furnace":9,"minecraft:white_bed":2,"minecraft:spruce_log":27,"minecraft:smoker":4,"minecraft:diamond_pickaxe":251,"minecraft:bread":3,"minecraft:iron_pickaxe":1169,"minecraft:stone_axe":122,"minecraft:cobblestone":445,"minecraft:cooked_porkchop":4,"minecraft:bucket":81,"minecraft:kelp":21,"minecraft:coarse_dirt":12}},"DataVersion":3953}