{"stats":{"minecraft:used":{"minecraft:polished_deepslate":3,"minecraft:chiseled_deepslate":2,"minecraft:cracked_deepslate_bricks":1,"minecraft:ladder":24,"minecraft:diamond_hoe":336,"minecraft:polished_basalt":9,"minecraft:chest":1,"minecraft:spruce_planks":3,"minecraft:shield":24,"minecraft:iron_sword":30,"minecraft:cooked_chicken":2,"minecraft:iron_chestplate":1,"minecraft:torch":6,"minecraft:dirt":3,"minecraft:diamond_helmet":1,"minecraft:tuff":19,"minecraft:furnace":5,"minecraft:egg":1,"minecraft:cooked_beef":6,"minecraft:cobbled_deepslate":110,"minecraft:iron_leggings":1,"minecraft:water_bucket":36,"minecraft:stone_pickaxe":104,"minecraft:blue_wool":1,"minecraft:wooden_pickaxe":3,"minecraft:diamond_axe":1,"minecraft:deepslate_bricks":4,"minecraft:crafting_table":6,"minecraft:light_blue_wool":2,"minecraft:blast_furnace":5,"minecraft:white_bed":1,"minecraft:smoker":2,"minecraft:deepslate_tiles":11,"minecraft:diamond_pickaxe":558,"minecraft:iron_pickaxe":251,"minecraft:gravel":4,"minecraft:stone_axe":79,"minecraft:cobblestone":123,"minecraft:cooked_porkchop":4,"minecraft:bucket":37,"minecraft:gray_wool":2,"minecraft:sculk_catalyst":2,"minecraft:experience_bottle":3},"minecraft:broken":{"minecraft:iron_pickaxe":1},"minecraft:mined":{"minecraft:dark_oak_planks":2,"minecraft:deepslate_tiles":24,"minecraft:tuff":38,"minecraft:spruce_planks":3,"minecraft:white_bed":1,"minecraft:light_blue_wool":2,"minecraft:deepslate_diamond_ore":33,"minecraft:sculk_vein":94,"minecraft:glow_lichen":1,"minecraft:ladder":1,"minecraft:deepslate_tile_wall":1,"minecraft:grass_block":1,"minecraft:deepslate_bricks":13,"minecraft:spruce_leaves":15,"minecraft:blue_wool":3,"minecraft:raw_iron_block":1,"minecraft:sculk_catalyst":2,"minecraft:furnace":6,"minecraft:polished_basalt":16,"minecraft:iron_ore":80,"minecraft:cobbled_deepslate":38,"minecraft:andesite":4,"minecraft:chiseled_deepslate":7,"minecraft:deepslate_lapis_ore":2,"minecraft:polished_deepslate":4,"minecraft:sculk_shrieker":4,"minecraft:deepslate_iron_ore":144,"minecraft:rail":1,"minecraft:stone":161,"minecraft:smoker":1,"minecraft:dandelion":1,"minecraft:crafting_table":4,"minecraft:torch":4,"minecraft:short_grass":7,"minecraft:blast_furnace":2,"minecraft:chest":1,"minecraft:sculk_sensor":7,"minecraft:cobblestone":63,"minecraft:deepslate_coal_ore":6,"minecraft:lapis_ore":2,"minecraft:deepslate_gold_ore":9,"minecraft:sugar_cane":12,"minecraft:cracked_deepslate_bricks":5,"minecraft:sculk":291,"minecraft:wall_torch":2,"minecraft:gray_wool":2,"minecraft:spruce_log":13,"minecraft:birch_leaves":1,"minecraft:cracked_deepslate_tiles":9,"minecraft:coal_ore":39,"minecraft:gravel":5,"minecraft:dirt":8,"minecraft:cobweb":1,"minecraft:deepslate":150},"minecraft:dropped":{"minecraft:wheat_seeds":2,"minecraft:diamond_leggings":1,"minecraft:flint":1,"minecraft:iron_leggings":1,"minecraft:polished_basalt":5,"minecraft:cyan_carpet":4,"minecraft:dandelion":2,"minecraft:compass":1,"minecraft:soul_torch":9,"minecraft:cobbled_deepslate":1,"minecraft:tuff":4,"minecraft:rotten_flesh":12,"minecraft:white_bed":2,"minecraft:deepslate_bricks":3,"minecraft:deepslate_tiles":13,"minecraft:spider_eye":2,"minecraft:cracked_deepslate_bricks":3},"minecraft:killed":{"minecraft:spider":3,"minecraft:skeleton":4,"minecraft:chicken":2,"minecraft:pig":6,"minecraft:sheep":6,"minecraft:zombie":6,"minecraft:cow":4},"minecraft:killed_by":{"minecraft:warden":3},"minecraft:custom":{"minecraft:mob_kills":32,"minecraft:interact_with_crafting_table":46,"minecraft:leave_game":5,"minecraft:time_since_death":149749,"minecraft:climb_one_cm":23565,"minecraft:sprint_one_cm":515687,"minecraft:walk_one_cm":416192,"minecraft:damage_blocked_by_shield":580,"minecraft:drop":36,"minecraft:play_time":228544,"minecraft:deaths":4,"minecraft:sneak_time":16949,"minecraft:walk_under_water_one_cm":19263,"minecraft:jump":3880,"minecraft:interact_with_blast_furnace":68,"minecraft:walk_on_water_one_cm":23620,"minecraft:total_world_time":228544,"minecraft:interact_with_furnace":56,"minecraft:sleep_in_bed":1,"minecraft:time_since_rest":16785,"minecraft:damage_taken":5040,"minecraft:damage_dealt":3847,"minecraft:swim_one_cm":6491,"minecraft:fly_one_cm":631447,"minecraft:open_chest":120,"minecraft:crouch_one_cm":57849,"minecraft:interact_with_smoker":12,"minecraft:fall_one_cm":139089},"minecraft:crafted":{"minecraft:smooth_stone":9,"minecraft:raw_iron":9,"minecraft:iron_nugget":3,"minecraft:cooked_chicken":3,"minecraft:furnace":3,"minecraft:blast_furnace":3,"minecraft:stone":9,"minecraft:cooked_mutton":9,"minecraft:diamond_helmet":1,"minecraft:iron_boots":1,"minecraft:stone_pickaxe":1,"minecraft:chest":1,"minecraft:diamond_boots":1,"minecraft:smoker":1,"minecraft:cooked_beef":5,"minecraft:cooked_porkchop":9,"minecraft:diamond_axe":1,"minecraft:crafting_table":1,"minecraft:spruce_planks":36,"minecraft:wooden_pickaxe":1,"minecraft:iron_helmet":2,"minecraft:iron_sword":1,"minecraft:bucket":1,"minecraft:stone_axe":1,"minecraft:air":0,"minecraft:iron_chestplate":1,"minecraft:diamond_pickaxe":1,"minecraft:shield":1,"minecraft:stick":20,"minecraft:iron_ingot":202,"minecraft:iron_pickaxe":1,"minecraft:iron_block":22,"minecraft:iron_leggings":1,"minecraft:gold_ingot":12,"minecraft:white_bed":2,"minecraft:torch":4,"minecraft:shears":1,"minecraft:diamond_chestplate":1},"minecraft:picked_up":{"minecraft:chiseled_deepslate":5,"minecraft:crafting_table":7,"minecraft:iron_chestplate":2,"minecraft:ladder":31,"minecraft:chicken":2,"minecraft:wooden_pickaxe":2,"minecraft:potion":2,"minecraft:enchanted_book":3,"minecraft:shield":2,"minecraft:polished_deepslate":3,"minecraft:string":1,"minecraft:iron_leggings":5,"minecraft:compass":1,"minecraft:cyan_carpet":4,"minecraft:deepslate_tiles":25,"minecraft:cobbled_deepslate":174,"minecraft:spruce_planks":3,"minecraft:beef":16,"minecraft:iron_pickaxe":2,"minecraft:deepslate_tile_wall":1,"minecraft:sugar_cane":29,"minecraft:chest":1,"minecraft:furnace":6,"minecraft:iron_boots":2,"minecraft:egg":2,"minecraft:blue_wool":1,"minecraft:stick":2,"minecraft:raw_iron":263,"minecraft:torch":11,"minecraft:porkchop":9,"minecraft:dark_oak_planks":2,"minecraft:arrow":2,"minecraft:rotten_flesh":12,"minecraft:light_blue_wool":2,"minecraft:deepslate_bricks":12,"minecraft:polished_basalt":14,"minecraft:cracked_deepslate_bricks":4,"minecraft:mutton":9,"minecraft:cobblestone":224,"minecraft:white_wool":6,"minecraft:cracked_deepslate_tiles":4,"minecraft:feather":4,"minecraft:cooked_beef":1,"minecraft:andesite":8,"minecraft:leather":2,"minecraft:smoker":1,"minecraft:flint":3,"minecraft:tuff":23,"minecraft:lapis_lazuli":26,"minecraft:dirt":3,"minecraft:disc_fragment_5":3,"minecraft:name_tag":1,"minecraft:bone":12,"minecraft:wheat_seeds":2,"minecraft:raw_gold":9,"minecraft:stone_pickaxe":2,"minecraft:iron_sword":2,"minecraft:cooked_porkchop":12,"minecraft:dandelion":2,"minecraft:raw_iron_block":1,"minecraft:gravel":4,"minecraft:amethyst_shard":10,"minecraft:spruce_sapling":5,"minecraft:blast_furnace":2,"minecraft:white_bed":1,"minecraft:spruce_log":13,"minecraft:spider_eye":2,"minecraft:sculk_sensor":5,"minecraft:diamond":33,"minecraft:gray_wool":2,"minecraft:coal":253}},"DataVersion":3953}