{"stats":{"minecraft:dropped":{"minecraft:iron_ingot":8,"minecraft:porkchop":3,"minecraft:cooked_beef":4,"minecraft:mossy_cobblestone":61,"minecraft:diamond":1,"minecraft:cobblestone":2,"minecraft:saddle":1,"minecraft:coal":28,"minecraft:torch":1,"minecraft:cornflower":2,"minecraft:wooden_axe":1,"minecraft:bucket":1,"minecraft:music_disc_cat":1,"minecraft:bone":1,"minecraft:gravel":4,"minecraft:stone_axe":1,"minecraft:stone_sword":1,"minecraft:pumpkin_seeds":4,"minecraft:stone_pickaxe":1,"minecraft:calcite":1},"minecraft:custom":{"minecraft:mob_kills":39,"minecraft:inspect_hopper":3,"minecraft:interact_with_crafting_table":60,"minecraft:leave_game":5,"minecraft:time_since_death":10162,"minecraft:climb_one_cm":9414,"minecraft:sprint_one_cm":315795,"minecraft:walk_one_cm":629826,"minecraft:damage_blocked_by_shield":2250,"minecraft:drop":30,"minecraft:play_time":323055,"minecraft:deaths":3,"minecraft:sneak_time":5875,"minecraft:walk_under_water_one_cm":132839,"minecraft:boat_one_cm":29234,"minecraft:jump":2648,"minecraft:interact_with_blast_furnace":53,"minecraft:walk_on_water_one_cm":95875,"minecraft:total_world_time":323055,"minecraft:interact_with_furnace":37,"minecraft:sleep_in_bed":1,"minecraft:time_since_rest":10190,"minecraft:damage_taken":3853,"minecraft:damage_dealt":6933,"minecraft:swim_one_cm":310335,"minecraft:fly_one_cm":237044,"minecraft:open_chest":72,"minecraft:crouch_one_cm":10053,"minecraft:interact_with_smoker":9,"minecraft:fall_one_cm":58386},"minecraft:broken":{"minecraft:iron_pickaxe":3},"minecraft:picked_up":{"minecraft:wooden_axe":2,"minecraft:iron_chestplate":3,"minecraft:charcoal":14,"minecraft:coarse_dirt":16,"minecraft:crafting_table":9,"minecraft:chicken":4,"minecraft:ladder":5,"minecraft:brown_mushroom":1,"minecraft:wooden_pickaxe":2,"minecraft:enchanted_book":1,"minecraft:shield":1,"minecraft:iron_axe":1,"minecraft:cornflower":4,"minecraft:music_disc_cat":2,"minecraft:raw_copper":20,"minecraft:string":22,"minecraft:iron_leggings":3,"minecraft:cobbled_deepslate":127,"minecraft:bucket":1,"minecraft:spruce_planks":62,"minecraft:beef":17,"minecraft:calcite":1,"minecraft:iron_pickaxe":1,"minecraft:sugar_cane":9,"minecraft:chest":2,"minecraft:spruce_trapdoor":5,"minecraft:iron_boots":2,"minecraft:furnace":8,"minecraft:egg":2,"minecraft:raw_iron":253,"minecraft:stick":2,"minecraft:oak_door":4,"minecraft:torch":25,"minecraft:porkchop":7,"minecraft:pointed_dripstone":2,"minecraft:redstone":8,"minecraft:dark_oak_planks":4,"minecraft:stone_sword":1,"minecraft:arrow":14,"minecraft:rotten_flesh":39,"minecraft:mangrove_roots":2,"minecraft:saddle":1,"minecraft:obsidian":7,"minecraft:cobblestone":1205,"minecraft:oxeye_daisy":2,"minecraft:magma_block":6,"minecraft:feather":3,"minecraft:cooked_beef":5,"minecraft:water_bucket":2,"minecraft:leather":28,"minecraft:smoker":4,"minecraft:flint":1,"minecraft:tuff":2,"minecraft:oak_log":6,"minecraft:gunpowder":1,"minecraft:lapis_lazuli":108,"minecraft:dirt":19,"minecraft:bone":14,"minecraft:kelp":67,"minecraft:bow":7,"minecraft:wheat_seeds":9,"minecraft:iron_ingot":1,"minecraft:stone_pickaxe":3,"minecraft:cooked_chicken":3,"minecraft:glowstone_dust":8,"minecraft:iron_sword":1,"minecraft:oak_planks":49,"minecraft:soul_sand":16,"minecraft:oak_slab":6,"minecraft:sweet_berries":185,"minecraft:quartz":60,"minecraft:gravel":4,"minecraft:jungle_planks":2,"minecraft:blast_furnace":8,"minecraft:white_bed":2,"minecraft:spruce_log":77,"minecraft:spider_eye":1,"minecraft:spruce_door":42,"minecraft:mossy_cobblestone":75,"minecraft:oak_wood":1,"minecraft:pumpkin_seeds":4,"minecraft:diamond":1,"minecraft:spruce_boat":2,"minecraft:iron_helmet":3,"minecraft:granite":2,"minecraft:spruce_sign":12,"minecraft:bread":3,"minecraft:rooted_dirt":1,"minecraft:netherrack":91,"minecraft:hopper":1,"minecraft:coal":523,"minecraft:crimson_roots":8,"minecraft:diamond_pickaxe":3},"minecraft:killed_by":{"minecraft:zombie":1},"minecraft:crafted":{"minecraft:oak_planks":28,"minecraft:smooth_stone":3,"minecraft:cobblestone_slab":6,"minecraft:furnace":3,"minecraft:blast_furnace":1,"minecraft:stone":3,"minecraft:hopper":1,"minecraft:iron_boots":2,"minecraft:iron_axe":1,"minecraft:stone_pickaxe":1,"minecraft:cobblestone_wall":6,"minecraft:chest":5,"minecraft:spruce_boat":1,"minecraft:smoker":1,"minecraft:cooked_beef":7,"minecraft:cooked_porkchop":4,"minecraft:spruce_sign":9,"minecraft:crafting_table":8,"minecraft:spruce_planks":132,"minecraft:wooden_pickaxe":1,"minecraft:iron_helmet":1,"minecraft:iron_sword":2,"minecraft:spruce_door":3,"minecraft:bucket":4,"minecraft:stone_axe":1,"minecraft:air":0,"minecraft:spruce_trapdoor":4,"minecraft:white_wool":3,"minecraft:iron_chestplate":1,"minecraft:charcoal":13,"minecraft:shield":2,"minecraft:stick":28,"minecraft:iron_ingot":121,"minecraft:iron_pickaxe":4,"minecraft:stone_sword":1,"minecraft:iron_leggings":1,"minecraft:white_bed":1,"minecraft:torch":20},"minecraft:mined":{"minecraft:dark_oak_planks":4,"minecraft:tuff":15,"minecraft:spruce_planks":23,"minecraft:white_bed":2,"minecraft:mossy_cobblestone":69,"minecraft:deepslate_diamond_ore":1,"minecraft:oak_door":2,"minecraft:mangrove_roots":1,"minecraft:obsidian":7,"minecraft:spruce_trapdoor":2,"minecraft:granite":2,"minecraft:ladder":4,"minecraft:grass_block":6,"minecraft:jungle_planks":2,"minecraft:crimson_roots":1,"minecraft:spruce_leaves":5,"minecraft:hopper":1,"minecraft:kelp":2,"minecraft:oxeye_daisy":1,"minecraft:rooted_dirt":1,"minecraft:large_fern":15,"minecraft:magma_block":3,"minecraft:furnace":7,"minecraft:fire":2,"minecraft:iron_ore":177,"minecraft:cobbled_deepslate":3,"minecraft:deepslate_lapis_ore":6,"minecraft:pointed_dripstone":1,"minecraft:deepslate_iron_ore":30,"minecraft:stone":811,"minecraft:podzol":1,"minecraft:deepslate_redstone_ore":1,"minecraft:oak_slab":3,"minecraft:soul_sand":15,"minecraft:kelp_plant":13,"minecraft:smoker":3,"minecraft:spruce_door":40,"minecraft:crafting_table":8,"minecraft:torch":4,"minecraft:short_grass":33,"minecraft:blast_furnace":8,"minecraft:calcite":1,"minecraft:chest":3,"minecraft:copper_ore":2,"minecraft:spruce_wall_sign":10,"minecraft:nether_quartz_ore":30,"minecraft:cobblestone":296,"minecraft:oak_planks":31,"minecraft:lapis_ore":5,"minecraft:sugar_cane":4,"minecraft:wall_torch":11,"minecraft:coarse_dirt":15,"minecraft:sweet_berry_bush":67,"minecraft:spruce_log":77,"minecraft:birch_leaves":4,"minecraft:oak_log":6,"minecraft:coal_ore":132,"minecraft:gravel":1,"minecraft:dirt":14,"minecraft:netherrack":58,"minecraft:oak_leaves":24,"minecraft:deepslate":138,"minecraft:fern":10},"minecraft:killed":{"minecraft:spider":2,"minecraft:skeleton":8,"minecraft:chicken":5,"minecraft:piglin":4,"minecraft:hoglin":1,"minecraft:creeper":2,"minecraft:zombie":11,"minecraft:cow":4},"minecraft:used":{"minecraft:stone_sword":98,"minecraft:spruce_planks":39,"minecraft:chest":6,"minecraft:shield":62,"minecraft:iron_sword":111,"minecraft:cooked_chicken":3,"minecraft:rotten_flesh":1,"minecraft:netherrack":35,"minecraft:spruce_leaves":27,"minecraft:torch":32,"minecraft:soul_sand":8,"minecraft:dirt":8,"minecraft:hopper":2,"minecraft:cobblestone_wall":2,"minecraft:obsidian":7,"minecraft:spruce_boat":3,"minecraft:wooden_axe":9,"minecraft:lava_bucket":6,"minecraft:iron_axe":89,"minecraft:rooted_dirt":1,"minecraft:iron_helmet":1,"minecraft:sweet_berries":145,"minecraft:furnace":8,"minecraft:egg":2,"minecraft:cooked_beef":8,"minecraft:iron_leggings":1,"minecraft:water_bucket":130,"minecraft:spruce_door":44,"minecraft:oak_planks":59,"minecraft:stone_pickaxe":50,"minecraft:wooden_pickaxe":32,"minecraft:spruce_sign":15,"minecraft:mossy_cobblestone":4,"minecraft:oak_slab":6,"minecraft:crafting_table":13,"minecraft:blast_furnace":9,"minecraft:white_bed":2,"minecraft:spruce_log":27,"minecraft:smoker":5,"minecraft:diamond_pickaxe":577,"minecraft:bread":3,"minecraft:iron_pickaxe":1182,"minecraft:spruce_trapdoor":3,"minecraft:stone_axe":122,"minecraft:cobblestone":825,"minecraft:cooked_porkchop":4,"minecraft:bucket":139,"minecraft:kelp":49,"minecraft:coarse_dirt":13}},"DataVersion":3953}