{"stats":{"minecraft:dropped":{"minecraft:white_bed":2},"minecraft:used":{"minecraft:stone_pickaxe":103,"minecraft:chest":1,"minecraft:wooden_pickaxe":3,"minecraft:spruce_planks":3,"minecraft:shield":23,"minecraft:iron_sword":26,"minecraft:cooked_chicken":2,"minecraft:torch":2,"minecraft:dirt":3,"minecraft:crafting_table":5,"minecraft:blast_furnace":3,"minecraft:white_bed":1,"minecraft:smoker":2,"minecraft:iron_pickaxe":185,"minecraft:gravel":4,"minecraft:stone_axe":79,"minecraft:cobblestone":17,"minecraft:furnace":5,"minecraft:cooked_porkchop":2,"minecraft:cooked_beef":6},"minecraft:crafted":{"minecraft:cooked_beef":5,"minecraft:smooth_stone":3,"minecraft:cooked_porkchop":9,"minecraft:crafting_table":1,"minecraft:spruce_planks":36,"minecraft:iron_helmet":1,"minecraft:wooden_pickaxe":1,"minecraft:cooked_chicken":2,"minecraft:iron_sword":1,"minecraft:furnace":2,"minecraft:blast_furnace":1,"minecraft:stone":3,"minecraft:stone_axe":1,"minecraft:cooked_mutton":9,"minecraft:air":0,"minecraft:iron_boots":1,"minecraft:iron_chestplate":1,"minecraft:shield":1,"minecraft:stick":12,"minecraft:iron_ingot":58,"minecraft:iron_pickaxe":1,"minecraft:stone_pickaxe":1,"minecraft:chest":1,"minecraft:iron_leggings":1,"minecraft:white_bed":2,"minecraft:torch":4,"minecraft:shears":1,"minecraft:smoker":1},"minecraft:mined":{"minecraft:spruce_planks":3,"minecraft:white_bed":1,"minecraft:deepslate_diamond_ore":1,"minecraft:smoker":1,"minecraft:sculk_vein":5,"minecraft:dandelion":1,"minecraft:crafting_table":4,"minecraft:short_grass":7,"minecraft:blast_furnace":2,"minecraft:deepslate_tile_wall":1,"minecraft:grass_block":1,"minecraft:sculk_sensor":1,"minecraft:cobblestone":10,"minecraft:deepslate_coal_ore":6,"minecraft:spruce_leaves":15,"minecraft:deepslate_gold_ore":3,"minecraft:sugar_cane":12,"minecraft:sculk":7,"minecraft:wall_torch":1,"minecraft:furnace":5,"minecraft:iron_ore":50,"minecraft:spruce_log":13,"minecraft:birch_leaves":1,"minecraft:andesite":4,"minecraft:coal_ore":39,"minecraft:deepslate_iron_ore":31,"minecraft:gravel":5,"minecraft:dirt":8,"minecraft:stone":117,"minecraft:deepslate":5},"minecraft:killed":{"minecraft:pig":6,"minecraft:spider":3,"minecraft:sheep":6,"minecraft:skeleton":3,"minecraft:zombie":6,"minecraft:chicken":2,"minecraft:cow":4},"minecraft:custom":{"minecraft:interact_with_furnace":29,"minecraft:mob_kills":31,"minecraft:interact_with_crafting_table":27,"minecraft:time_since_death":69079,"minecraft:climb_one_cm":32,"minecraft:time_since_rest":69079,"minecraft:sprint_one_cm":97435,"minecraft:damage_taken":871,"minecraft:walk_one_cm":134599,"minecraft:damage_blocked_by_shield":550,"minecraft:drop":2,"minecraft:damage_dealt":3698,"minecraft:swim_one_cm":777,"minecraft:fly_one_cm":116850,"minecraft:open_chest":9,"minecraft:crouch_one_cm":14921,"minecraft:play_time":69079,"minecraft:sneak_time":4517,"minecraft:walk_under_water_one_cm":3390,"minecraft:jump":866,"minecraft:interact_with_blast_furnace":15,"minecraft:walk_on_water_one_cm":5194,"minecraft:interact_with_smoker":9,"minecraft:total_world_time":69079,"minecraft:fall_one_cm":27766},"minecraft:picked_up":{"minecraft:crafting_table":5,"minecraft:feather":4,"minecraft:cooked_beef":1,"minecraft:chicken":2,"minecraft:andesite":4,"minecraft:leather":2,"minecraft:smoker":1,"minecraft:flint":1,"minecraft:dirt":3,"minecraft:bone":2,"minecraft:wheat_seeds":1,"minecraft:cobbled_deepslate":5,"minecraft:raw_gold":3,"minecraft:spruce_planks":3,"minecraft:beef":16,"minecraft:deepslate_tile_wall":1,"minecraft:sugar_cane":29,"minecraft:egg":1,"minecraft:furnace":5,"minecraft:stick":1,"minecraft:raw_iron":124,"minecraft:torch":1,"minecraft:dandelion":1,"minecraft:gravel":4,"minecraft:porkchop":9,"minecraft:blast_furnace":2,"minecraft:spruce_sapling":5,"minecraft:white_bed":1,"minecraft:spruce_log":13,"minecraft:spider_eye":1,"minecraft:arrow":1,"minecraft:rotten_flesh":12,"minecraft:diamond":1,"minecraft:mutton":9,"minecraft:coal":228,"minecraft:cobblestone":127,"minecraft:white_wool":6}},"DataVersion":3953}