{"stats":{"minecraft:dropped":{"minecraft:gravel":4,"minecraft:iron_ingot":8,"minecraft:saddle":1,"minecraft:pumpkin_seeds":4,"minecraft:coal":28,"minecraft:stone_pickaxe":1,"minecraft:calcite":1,"minecraft:music_disc_cat":1,"minecraft:bone":1},"minecraft:custom":{"minecraft:interact_with_furnace":29,"minecraft:mob_kills":11,"minecraft:interact_with_crafting_table":33,"minecraft:leave_game":5,"minecraft:time_since_death":119055,"minecraft:time_since_rest":119055,"minecraft:sprint_one_cm":66078,"minecraft:damage_taken":1152,"minecraft:walk_one_cm":112738,"minecraft:damage_blocked_by_shield":300,"minecraft:drop":12,"minecraft:damage_dealt":1343,"minecraft:swim_one_cm":255367,"minecraft:fly_one_cm":70702,"minecraft:open_chest":11,"minecraft:crouch_one_cm":540,"minecraft:play_time":119055,"minecraft:sneak_time":1360,"minecraft:walk_under_water_one_cm":58094,"minecraft:boat_one_cm":29234,"minecraft:jump":672,"minecraft:interact_with_blast_furnace":34,"minecraft:walk_on_water_one_cm":14939,"minecraft:interact_with_smoker":1,"minecraft:total_world_time":119055,"minecraft:fall_one_cm":12329},"minecraft:picked_up":{"minecraft:wooden_axe":2,"minecraft:magma_block":3,"minecraft:charcoal":14,"minecraft:crafting_table":3,"minecraft:coarse_dirt":13,"minecraft:feather":3,"minecraft:chicken":4,"minecraft:wooden_pickaxe":1,"minecraft:enchanted_book":1,"minecraft:music_disc_cat":2,"minecraft:lapis_lazuli":34,"minecraft:string":12,"minecraft:dirt":9,"minecraft:bone":1,"minecraft:kelp":16,"minecraft:bow":1,"minecraft:wheat_seeds":7,"minecraft:spruce_planks":10,"minecraft:stone_pickaxe":2,"minecraft:cooked_chicken":3,"minecraft:calcite":1,"minecraft:egg":2,"minecraft:furnace":5,"minecraft:stick":2,"minecraft:raw_iron":89,"minecraft:sweet_berries":122,"minecraft:jungle_planks":2,"minecraft:gravel":4,"minecraft:blast_furnace":4,"minecraft:spruce_log":62,"minecraft:mossy_cobblestone":4,"minecraft:spruce_door":42,"minecraft:dark_oak_planks":4,"minecraft:stone_sword":1,"minecraft:pumpkin_seeds":4,"minecraft:arrow":2,"minecraft:rotten_flesh":1,"minecraft:spruce_boat":2,"minecraft:saddle":1,"minecraft:rooted_dirt":1,"minecraft:coal":234,"minecraft:cobblestone":135,"minecraft:oxeye_daisy":1},"minecraft:crafted":{"minecraft:smooth_stone":3,"minecraft:crafting_table":5,"minecraft:spruce_planks":72,"minecraft:wooden_pickaxe":1,"minecraft:iron_helmet":1,"minecraft:iron_sword":1,"minecraft:spruce_door":3,"minecraft:furnace":3,"minecraft:blast_furnace":1,"minecraft:stone":3,"minecraft:stone_axe":1,"minecraft:air":0,"minecraft:iron_boots":1,"minecraft:iron_chestplate":1,"minecraft:charcoal":13,"minecraft:shield":1,"minecraft:stick":12,"minecraft:iron_ingot":89,"minecraft:iron_pickaxe":2,"minecraft:stone_pickaxe":1,"minecraft:stone_sword":1,"minecraft:chest":1,"minecraft:iron_leggings":1,"minecraft:spruce_boat":1,"minecraft:torch":4,"minecraft:smoker":1},"minecraft:mined":{"minecraft:podzol":1,"minecraft:spruce_planks":10,"minecraft:mossy_cobblestone":4,"minecraft:kelp_plant":5,"minecraft:spruce_door":40,"minecraft:crafting_table":4,"minecraft:short_grass":20,"minecraft:blast_furnace":4,"minecraft:grass_block":3,"minecraft:calcite":1,"minecraft:jungle_planks":2,"minecraft:chest":1,"minecraft:cobblestone":10,"minecraft:spruce_leaves":4,"minecraft:lapis_ore":5,"minecraft:kelp":1,"minecraft:oxeye_daisy":1,"minecraft:rooted_dirt":1,"minecraft:large_fern":14,"minecraft:magma_block":3,"minecraft:coarse_dirt":13,"minecraft:furnace":5,"minecraft:iron_ore":90,"minecraft:sweet_berry_bush":53,"minecraft:spruce_log":63,"minecraft:coal_ore":74,"minecraft:gravel":1,"minecraft:dirt":6,"minecraft:stone":124,"minecraft:dark_oak_planks":4,"minecraft:fern":10},"minecraft:killed":{"minecraft:spider":1,"minecraft:skeleton":2,"minecraft:zombie":3,"minecraft:chicken":5},"minecraft:used":{"minecraft:stone_sword":76,"minecraft:spruce_door":44,"minecraft:stone_pickaxe":50,"minecraft:chest":1,"minecraft:shield":10,"minecraft:spruce_planks":10,"minecraft:wooden_pickaxe":32,"minecraft:cooked_chicken":3,"minecraft:rotten_flesh":1,"minecraft:torch":4,"minecraft:dirt":7,"minecraft:crafting_table":8,"minecraft:blast_furnace":5,"minecraft:smoker":1,"minecraft:spruce_log":27,"minecraft:spruce_boat":3,"minecraft:wooden_axe":6,"minecraft:rooted_dirt":1,"minecraft:iron_pickaxe":244,"minecraft:stone_axe":119,"minecraft:cobblestone":57,"minecraft:sweet_berries":74,"minecraft:furnace":6,"minecraft:egg":2,"minecraft:coarse_dirt":12}},"DataVersion":3953}