{"stats":{"minecraft:dropped":{"minecraft:iron_ingot":19,"minecraft:porkchop":3,"minecraft:cooked_beef":4,"minecraft:oak_log":24,"minecraft:mossy_cobblestone":61,"minecraft:diamond":1,"minecraft:cobblestone":2,"minecraft:saddle":1,"minecraft:coal":28,"minecraft:torch":1,"minecraft:cornflower":2,"minecraft:wooden_axe":1,"minecraft:iron_shovel":1,"minecraft:bucket":1,"minecraft:music_disc_cat":1,"minecraft:bone":1,"minecraft:gravel":4,"minecraft:stone_axe":1,"minecraft:stone_sword":1,"minecraft:oak_planks":4,"minecraft:pumpkin_seeds":4,"minecraft:stone_pickaxe":1,"minecraft:calcite":1},"minecraft:custom":{"minecraft:mob_kills":184,"minecraft:inspect_hopper":6,"minecraft:interact_with_crafting_table":63,"minecraft:leave_game":5,"minecraft:time_since_death":47517,"minecraft:climb_one_cm":12420,"minecraft:sprint_one_cm":378442,"minecraft:walk_one_cm":826410,"minecraft:damage_blocked_by_shield":2250,"minecraft:drop":34,"minecraft:play_time":371055,"minecraft:deaths":4,"minecraft:sneak_time":7055,"minecraft:walk_under_water_one_cm":145783,"minecraft:boat_one_cm":29234,"minecraft:jump":3017,"minecraft:interact_with_brewingstand":2,"minecraft:interact_with_blast_furnace":53,"minecraft:walk_on_water_one_cm":111393,"minecraft:total_world_time":371055,"minecraft:interact_with_furnace":41,"minecraft:sleep_in_bed":3,"minecraft:time_since_rest":7262,"minecraft:damage_taken":4365,"minecraft:damage_dealt":7788,"minecraft:swim_one_cm":310929,"minecraft:fly_one_cm":260843,"minecraft:open_chest":118,"minecraft:crouch_one_cm":13977,"minecraft:interact_with_smoker":9,"minecraft:fall_one_cm":68021},"minecraft:broken":{"minecraft:iron_shovel":1,"minecraft:iron_pickaxe":3},"minecraft:picked_up":{"minecraft:wooden_axe":2,"minecraft:iron_chestplate":4,"minecraft:charcoal":18,"minecraft:coarse_dirt":194,"minecraft:crafting_table":11,"minecraft:chicken":5,"minecraft:ladder":6,"minecraft:brown_mushroom":1,"minecraft:wooden_pickaxe":4,"minecraft:enchanted_book":1,"minecraft:shield":2,"minecraft:iron_axe":2,"minecraft:cornflower":5,"minecraft:music_disc_cat":2,"minecraft:raw_copper":30,"minecraft:string":27,"minecraft:iron_leggings":4,"minecraft:iron_shovel":1,"minecraft:cobbled_deepslate":176,"minecraft:bucket":3,"minecraft:spruce_planks":69,"minecraft:beef":17,"minecraft:cobblestone_slab":6,"minecraft:calcite":1,"minecraft:iron_pickaxe":1,"minecraft:sugar_cane":9,"minecraft:chest":9,"minecraft:spruce_trapdoor":14,"minecraft:iron_boots":3,"minecraft:furnace":9,"minecraft:egg":2,"minecraft:raw_iron":253,"minecraft:stick":14,"minecraft:oak_door":8,"minecraft:torch":39,"minecraft:porkchop":7,"minecraft:pointed_dripstone":3,"minecraft:redstone":12,"minecraft:dark_oak_planks":4,"minecraft:stone_sword":1,"minecraft:arrow":20,"minecraft:rotten_flesh":75,"minecraft:mangrove_roots":13,"minecraft:saddle":1,"minecraft:obsidian":7,"minecraft:cobblestone":1341,"minecraft:oxeye_daisy":3,"minecraft:magma_block":9,"minecraft:feather":6,"minecraft:cooked_beef":5,"minecraft:water_bucket":2,"minecraft:leather":35,"minecraft:smoker":5,"minecraft:flint":2,"minecraft:tuff":2,"minecraft:oak_log":59,"minecraft:gunpowder":1,"minecraft:cobblestone_stairs":20,"minecraft:lapis_lazuli":145,"minecraft:dirt":300,"minecraft:bone":20,"minecraft:kelp":139,"minecraft:bow":10,"minecraft:wheat_seeds":26,"minecraft:iron_ingot":25,"minecraft:stone_pickaxe":4,"minecraft:cooked_chicken":3,"minecraft:glowstone_dust":12,"minecraft:iron_sword":2,"minecraft:oak_planks":50,"minecraft:soul_sand":22,"minecraft:oak_slab":6,"minecraft:sweet_berries":260,"minecraft:quartz":90,"minecraft:sand":35,"minecraft:gravel":4,"minecraft:jungle_planks":2,"minecraft:spruce_sapling":1,"minecraft:blast_furnace":8,"minecraft:white_bed":4,"minecraft:spruce_log":78,"minecraft:spider_eye":1,"minecraft:spruce_door":42,"minecraft:mossy_cobblestone":80,"minecraft:oak_wood":33,"minecraft:pumpkin_seeds":4,"minecraft:diamond":1,"minecraft:spruce_boat":2,"minecraft:iron_helmet":4,"minecraft:granite":2,"minecraft:spruce_sign":18,"minecraft:bread":3,"minecraft:rooted_dirt":22,"minecraft:oak_sapling":3,"minecraft:netherrack":119,"minecraft:hopper":3,"minecraft:coal":525,"minecraft:crimson_roots":12,"minecraft:diamond_pickaxe":4},"minecraft:killed_by":{"minecraft:zombie":1},"minecraft:crafted":{"minecraft:oak_planks":48,"minecraft:smooth_stone":3,"minecraft:cobblestone_slab":6,"minecraft:furnace":3,"minecraft:blast_furnace":1,"minecraft:stone":3,"minecraft:hopper":1,"minecraft:iron_boots":2,"minecraft:iron_axe":1,"minecraft:stone_pickaxe":1,"minecraft:cobblestone_wall":6,"minecraft:chest":7,"minecraft:spruce_boat":1,"minecraft:smoker":1,"minecraft:cooked_beef":7,"minecraft:cooked_porkchop":4,"minecraft:spruce_sign":9,"minecraft:crafting_table":8,"minecraft:spruce_planks":132,"minecraft:wooden_pickaxe":1,"minecraft:iron_helmet":1,"minecraft:iron_sword":2,"minecraft:spruce_door":3,"minecraft:bucket":4,"minecraft:stone_axe":1,"minecraft:air":0,"minecraft:spruce_trapdoor":4,"minecraft:white_wool":3,"minecraft:iron_chestplate":1,"minecraft:charcoal":13,"minecraft:shield":2,"minecraft:stick":28,"minecraft:iron_ingot":121,"minecraft:iron_pickaxe":4,"minecraft:stone_sword":1,"minecraft:iron_shovel":6,"minecraft:iron_leggings":1,"minecraft:white_bed":1,"minecraft:torch":20},"minecraft:mined":{"minecraft:dark_oak_planks":4,"minecraft:tuff":15,"minecraft:spruce_planks":29,"minecraft:white_bed":4,"minecraft:farmland":1,"minecraft:mossy_cobblestone":69,"minecraft:deepslate_diamond_ore":1,"minecraft:oak_door":4,"minecraft:cobblestone_stairs":20,"minecraft:mangrove_roots":11,"minecraft:obsidian":7,"minecraft:spruce_trapdoor":8,"minecraft:granite":2,"minecraft:ladder":4,"minecraft:grass_block":190,"minecraft:jungle_planks":2,"minecraft:crimson_roots":1,"minecraft:spruce_leaves":15,"minecraft:hopper":3,"minecraft:kelp":2,"minecraft:oxeye_daisy":1,"minecraft:rooted_dirt":22,"minecraft:large_fern":21,"minecraft:magma_block":3,"minecraft:furnace":8,"minecraft:fire":2,"minecraft:iron_ore":177,"minecraft:cobbled_deepslate":21,"minecraft:deepslate_lapis_ore":6,"minecraft:pointed_dripstone":1,"minecraft:deepslate_iron_ore":30,"minecraft:stone":882,"minecraft:podzol":57,"minecraft:deepslate_redstone_ore":1,"minecraft:oak_slab":3,"minecraft:soul_sand":21,"minecraft:kelp_plant":13,"minecraft:smoker":4,"minecraft:spruce_door":40,"minecraft:crafting_table":9,"minecraft:torch":7,"minecraft:short_grass":116,"minecraft:blast_furnace":8,"minecraft:oak_wood":32,"minecraft:calcite":1,"minecraft:chest":10,"minecraft:copper_ore":2,"minecraft:spruce_wall_sign":15,"minecraft:nether_quartz_ore":30,"minecraft:cobblestone":350,"minecraft:oak_planks":32,"minecraft:lapis_ore":5,"minecraft:sugar_cane":4,"minecraft:wall_torch":20,"minecraft:coarse_dirt":191,"minecraft:sweet_berry_bush":82,"minecraft:spruce_log":78,"minecraft:birch_leaves":23,"minecraft:oak_log":36,"minecraft:coal_ore":132,"minecraft:sand":35,"minecraft:gravel":1,"minecraft:dirt":54,"minecraft:netherrack":58,"minecraft:oak_leaves":30,"minecraft:deepslate":138,"minecraft:fern":10},"minecraft:killed":{"minecraft:spider":2,"minecraft:skeleton":8,"minecraft:chicken":6,"minecraft:piglin":4,"minecraft:hoglin":1,"minecraft:creeper":2,"minecraft:zombie":155,"minecraft:cow":4},"minecraft:used":{"minecraft:stone_sword":98,"minecraft:iron_shovel":530,"minecraft:spruce_planks":41,"minecraft:chest":15,"minecraft:shield":62,"minecraft:iron_sword":175,"minecraft:cooked_chicken":3,"minecraft:rotten_flesh":1,"minecraft:netherrack":35,"minecraft:spruce_leaves":27,"minecraft:torch":38,"minecraft:soul_sand":14,"minecraft:dirt":198,"minecraft:hopper":4,"minecraft:cobblestone_wall":2,"minecraft:oak_wood":7,"minecraft:obsidian":7,"minecraft:spruce_boat":3,"minecraft:wooden_axe":9,"minecraft:lava_bucket":6,"minecraft:iron_axe":222,"minecraft:rooted_dirt":1,"minecraft:iron_helmet":1,"minecraft:iron_boots":1,"minecraft:sweet_berries":181,"minecraft:furnace":9,"minecraft:egg":2,"minecraft:cooked_beef":8,"minecraft:cobbled_deepslate":1,"minecraft:iron_leggings":1,"minecraft:water_bucket":134,"minecraft:cobblestone_stairs":14,"minecraft:spruce_door":44,"minecraft:oak_planks":59,"minecraft:stone_pickaxe":50,"minecraft:wooden_pickaxe":32,"minecraft:spruce_sign":19,"minecraft:cobblestone_slab":6,"minecraft:mossy_cobblestone":4,"minecraft:oak_slab":6,"minecraft:crafting_table":14,"minecraft:blast_furnace":9,"minecraft:white_bed":5,"minecraft:spruce_log":27,"minecraft:smoker":6,"minecraft:oak_log":2,"minecraft:diamond_pickaxe":769,"minecraft:bread":3,"minecraft:iron_pickaxe":1182,"minecraft:spruce_trapdoor":8,"minecraft:stone_axe":122,"minecraft:cobblestone":1015,"minecraft:cooked_porkchop":4,"minecraft:bucket":145,"minecraft:kelp":49,"minecraft:coarse_dirt":19}},"DataVersion":3953}