{"stats":{"minecraft:picked_up":{"minecraft:wooden_axe":2,"minecraft:iron_chestplate":10,"minecraft:enchanted_book":1,"minecraft:music_disc_cat":2,"minecraft:string":33,"minecraft:raw_copper":30,"minecraft:iron_leggings":10,"minecraft:cobbled_deepslate":568,"minecraft:bucket":5,"minecraft:spruce_planks":135,"minecraft:cobblestone_slab":6,"minecraft:calcite":1,"minecraft:iron_pickaxe":1,"minecraft:iron_boots":9,"minecraft:furnace":9,"minecraft:stick":177,"minecraft:torch":114,"minecraft:porkchop":7,"minecraft:pointed_dripstone":3,"minecraft:stone_sword":1,"minecraft:rotten_flesh":290,"minecraft:mangrove_roots":22,"minecraft:obsidian":7,"minecraft:cobblestone":1454,"minecraft:birch_log":27,"minecraft:magma_block":9,"minecraft:feather":6,"minecraft:cooked_beef":5,"minecraft:water_bucket":11,"minecraft:smoker":5,"minecraft:potato":1,"minecraft:flint":2,"minecraft:tuff":18,"minecraft:lapis_lazuli":145,"minecraft:dirt":475,"minecraft:bone":49,"minecraft:bow":10,"minecraft:wheat_seeds":105,"minecraft:raw_gold":10,"minecraft:glowstone_dust":12,"minecraft:oak_planks":151,"minecraft:cooked_porkchop":8,"minecraft:jungle_planks":2,"minecraft:sand":49,"minecraft:mossy_cobblestone":80,"minecraft:diamond":1,"minecraft:spruce_boat":2,"minecraft:granite":2,"minecraft:bone_meal":44,"minecraft:spruce_sign":30,"minecraft:bread":3,"minecraft:rooted_dirt":27,"minecraft:oak_sapling":24,"minecraft:netherrack":119,"minecraft:oak_leaves":247,"minecraft:crimson_roots":12,"minecraft:diamond_pickaxe":7,"minecraft:spruce_leaves":2470,"minecraft:charcoal":22,"minecraft:crafting_table":11,"minecraft:coarse_dirt":296,"minecraft:ominous_bottle":5,"minecraft:chicken":5,"minecraft:ladder":6,"minecraft:brown_mushroom":1,"minecraft:wooden_pickaxe":5,"minecraft:shield":11,"minecraft:cornflower":5,"minecraft:iron_axe":10,"minecraft:white_carpet":10,"minecraft:iron_shovel":26,"minecraft:beef":17,"minecraft:sugar_cane":9,"minecraft:chest":9,"minecraft:spruce_trapdoor":26,"minecraft:egg":2,"minecraft:raw_iron":288,"minecraft:polished_deepslate_slab":304,"minecraft:oak_door":8,"minecraft:carrot":1,"minecraft:redstone":12,"minecraft:dark_oak_planks":4,"minecraft:arrow":87,"minecraft:shears":15,"minecraft:saddle":1,"minecraft:mutton":8,"minecraft:white_wool":6,"minecraft:oxeye_daisy":3,"minecraft:birch_leaves":14,"minecraft:leather":35,"minecraft:birch_planks":1,"minecraft:oak_log":61,"minecraft:gunpowder":2,"minecraft:cobblestone_stairs":21,"minecraft:white_banner":1,"minecraft:kelp":139,"minecraft:iron_ingot":81,"minecraft:stone_pickaxe":4,"minecraft:cooked_chicken":3,"minecraft:iron_sword":8,"minecraft:soul_sand":22,"minecraft:oak_slab":6,"minecraft:sweet_berries":301,"minecraft:quartz":90,"minecraft:gravel":14,"minecraft:spruce_sapling":105,"minecraft:blast_furnace":8,"minecraft:white_bed":5,"minecraft:spruce_log":958,"minecraft:spruce_door":42,"minecraft:spider_eye":1,"minecraft:oak_wood":103,"minecraft:pumpkin_seeds":4,"minecraft:iron_helmet":10,"minecraft:coal":604,"minecraft:hopper":3},"minecraft:mined":{"minecraft:dark_oak_planks":4,"minecraft:spruce_planks":68,"minecraft:white_bed":5,"minecraft:farmland":1,"minecraft:cobblestone_stairs":21,"minecraft:obsidian":7,"minecraft:spruce_trapdoor":8,"minecraft:granite":2,"minecraft:grass_block":229,"minecraft:hopper":3,"minecraft:oxeye_daisy":1,"minecraft:magma_block":3,"minecraft:iron_ore":202,"minecraft:cobbled_deepslate":21,"minecraft:fire":3,"minecraft:deepslate_lapis_ore":6,"minecraft:pointed_dripstone":1,"minecraft:polished_deepslate_slab":101,"minecraft:deepslate_redstone_ore":1,"minecraft:kelp_plant":13,"minecraft:smoker":4,"minecraft:torch":20,"minecraft:blast_furnace":8,"minecraft:calcite":1,"minecraft:chest":10,"minecraft:spruce_wall_sign":15,"minecraft:nether_quartz_ore":30,"minecraft:cobblestone":356,"minecraft:sugar_cane":4,"minecraft:oak_planks":141,"minecraft:wall_torch":36,"minecraft:birch_log":23,"minecraft:oak_log":38,"minecraft:sand":42,"minecraft:dirt":105,"minecraft:netherrack":58,"minecraft:oak_leaves":461,"minecraft:deepslate":530,"minecraft:tuff":31,"minecraft:mossy_cobblestone":69,"minecraft:deepslate_diamond_ore":1,"minecraft:oak_door":4,"minecraft:mangrove_roots":13,"minecraft:ladder":4,"minecraft:jungle_planks":2,"minecraft:crimson_roots":1,"minecraft:spruce_leaves":2878,"minecraft:kelp":2,"minecraft:rooted_dirt":22,"minecraft:large_fern":29,"minecraft:spruce_sapling":2,"minecraft:furnace":8,"minecraft:deepslate_iron_ore":39,"minecraft:stone":983,"minecraft:podzol":64,"minecraft:oak_slab":3,"minecraft:soul_sand":21,"minecraft:spruce_door":40,"minecraft:crafting_table":9,"minecraft:short_grass":136,"minecraft:oak_wood":89,"minecraft:copper_ore":2,"minecraft:lapis_ore":5,"minecraft:deepslate_gold_ore":2,"minecraft:birch_planks":2,"minecraft:coarse_dirt":217,"minecraft:sweet_berry_bush":91,"minecraft:spruce_log":787,"minecraft:birch_leaves":57,"minecraft:coal_ore":173,"minecraft:gravel":22,"minecraft:gold_ore":3,"minecraft:fern":11},"minecraft:killed_by":{"minecraft:zombie":3,"minecraft:skeleton":1},"minecraft:killed":{"minecraft:spider":4,"minecraft:skeleton":13,"minecraft:chicken":7,"minecraft:piglin":4,"minecraft:creeper":3,"minecraft:sheep":3,"minecraft:pillager":2,"minecraft:zombie":403,"minecraft:cow":4,"minecraft:hoglin":1},"minecraft:broken":{"minecraft:iron_shovel":1,"minecraft:shears":9,"minecraft:iron_sword":1,"minecraft:iron_axe":4,"minecraft:iron_pickaxe":3},"minecraft:crafted":{"minecraft:oak_planks":152,"minecraft:smooth_stone":3,"minecraft:cobblestone_slab":6,"minecraft:cooked_chicken":2,"minecraft:stone":3,"minecraft:cooked_mutton":4,"minecraft:hopper":1,"minecraft:iron_boots":2,"minecraft:chest":7,"minecraft:smoker":1,"minecraft:cooked_porkchop":13,"minecraft:crafting_table":8,"minecraft:spruce_planks":200,"minecraft:wooden_pickaxe":1,"minecraft:iron_helmet":1,"minecraft:spruce_door":3,"minecraft:birch_planks":8,"minecraft:polished_deepslate_slab":744,"minecraft:spruce_trapdoor":4,"minecraft:iron_chestplate":1,"minecraft:charcoal":13,"minecraft:shield":3,"minecraft:stick":28,"minecraft:iron_ingot":155,"minecraft:iron_pickaxe":4,"minecraft:stone_sword":1,"minecraft:shears":14,"minecraft:furnace":3,"minecraft:blast_furnace":1,"minecraft:bone_meal":30,"minecraft:white_carpet":3,"minecraft:flint_and_steel":1,"minecraft:polished_deepslate":372,"minecraft:iron_axe":5,"minecraft:stone_pickaxe":1,"minecraft:cobblestone_wall":6,"minecraft:spruce_boat":1,"minecraft:cooked_beef":7,"minecraft:spruce_sign":9,"minecraft:iron_sword":3,"minecraft:bucket":4,"minecraft:stone_axe":1,"minecraft:air":0,"minecraft:white_wool":3,"minecraft:iron_shovel":6,"minecraft:iron_leggings":1,"minecraft:white_bed":1,"minecraft:torch":20},"minecraft:custom":{"minecraft:interact_with_crafting_table":75,"minecraft:leave_game":7,"minecraft:time_since_death":4315,"minecraft:sprint_one_cm":793087,"minecraft:damage_blocked_by_shield":3065,"minecraft:drop":46,"minecraft:talked_to_villager":1,"minecraft:play_time":727353,"minecraft:deaths":12,"minecraft:jump":5773,"minecraft:interact_with_brewingstand":2,"minecraft:walk_on_water_one_cm":139001,"minecraft:interact_with_furnace":50,"minecraft:sleep_in_bed":15,"minecraft:damage_dealt":13046,"minecraft:crouch_one_cm":101241,"minecraft:interact_with_smoker":15,"minecraft:mob_kills":447,"minecraft:inspect_hopper":10,"minecraft:climb_one_cm":27011,"minecraft:walk_one_cm":1809078,"minecraft:sneak_time":29324,"minecraft:walk_under_water_one_cm":187607,"minecraft:boat_one_cm":29234,"minecraft:interact_with_blast_furnace":53,"minecraft:total_world_time":727353,"minecraft:time_since_rest":4342,"minecraft:damage_taken":8341,"minecraft:swim_one_cm":317849,"minecraft:fly_one_cm":487401,"minecraft:open_chest":176,"minecraft:fall_one_cm":142104},"minecraft:dropped":{"minecraft:porkchop":3,"minecraft:cooked_beef":4,"minecraft:oak_log":24,"minecraft:diamond":1,"minecraft:rooted_dirt":5,"minecraft:saddle":1,"minecraft:cornflower":2,"minecraft:sand":2,"minecraft:bone":1,"minecraft:gravel":4,"minecraft:stone_axe":1,"minecraft:rotten_flesh":1,"minecraft:oak_planks":4,"minecraft:gunpowder":1,"minecraft:iron_ingot":19,"minecraft:wheat_seeds":4,"minecraft:mossy_cobblestone":61,"minecraft:cobblestone":5,"minecraft:coal":28,"minecraft:torch":1,"minecraft:wooden_axe":1,"minecraft:iron_shovel":1,"minecraft:bucket":3,"minecraft:music_disc_cat":1,"minecraft:coarse_dirt":24,"minecraft:stone_sword":1,"minecraft:pumpkin_seeds":4,"minecraft:stone_pickaxe":1,"minecraft:wooden_pickaxe":1,"minecraft:calcite":1},"minecraft:used":{"minecraft:iron_shovel":646,"minecraft:chest":15,"minecraft:shield":86,"minecraft:iron_sword":383,"minecraft:rotten_flesh":35,"minecraft:spruce_leaves":2136,"minecraft:soul_sand":14,"minecraft:tuff":16,"minecraft:obsidian":7,"minecraft:spruce_boat":3,"minecraft:lava_bucket":6,"minecraft:iron_helmet":1,"minecraft:sweet_berries":222,"minecraft:mangrove_roots":7,"minecraft:furnace":9,"minecraft:egg":2,"minecraft:spruce_door":44,"minecraft:stone_pickaxe":50,"minecraft:oak_planks":192,"minecraft:wooden_pickaxe":32,"minecraft:oak_leaves":13,"minecraft:sand":2,"minecraft:blast_furnace":9,"minecraft:shears":3102,"minecraft:bread":3,"minecraft:birch_log":13,"minecraft:coarse_dirt":146,"minecraft:bone_meal":24,"minecraft:stone_sword":98,"minecraft:flint_and_steel":56,"minecraft:spruce_planks":96,"minecraft:cooked_chicken":5,"minecraft:netherrack":35,"minecraft:torch":72,"minecraft:dirt":363,"minecraft:white_carpet":1,"minecraft:hopper":4,"minecraft:cobblestone_wall":2,"minecraft:oak_wood":17,"minecraft:wooden_axe":9,"minecraft:iron_axe":1245,"minecraft:rooted_dirt":1,"minecraft:iron_boots":2,"minecraft:cooked_beef":8,"minecraft:cobbled_deepslate":21,"minecraft:iron_leggings":2,"minecraft:cooked_mutton":4,"minecraft:water_bucket":279,"minecraft:cobblestone_stairs":15,"minecraft:birch_planks":8,"minecraft:spruce_sign":19,"minecraft:cobblestone_slab":6,"minecraft:polished_deepslate_slab":734,"minecraft:mossy_cobblestone":4,"minecraft:oak_slab":6,"minecraft:crafting_table":14,"minecraft:white_bed":6,"minecraft:smoker":6,"minecraft:spruce_log":678,"minecraft:oak_log":2,"minecraft:diamond_pickaxe":1480,"minecraft:iron_pickaxe":1182,"minecraft:spruce_trapdoor":8,"minecraft:spruce_sapling":22,"minecraft:stone_axe":122,"minecraft:cobblestone":1111,"minecraft:white_banner":1,"minecraft:cooked_porkchop":13,"minecraft:bucket":276,"minecraft:kelp":49}},"DataVersion":3953}