{"stats":{"minecraft:dropped":{"minecraft:white_bed":2},"minecraft:used":{"minecraft:stone_pickaxe":103,"minecraft:wooden_pickaxe":3,"minecraft:spruce_planks":3,"minecraft:shield":10,"minecraft:iron_sword":1,"minecraft:cooked_chicken":2,"minecraft:dirt":3,"minecraft:crafting_table":5,"minecraft:blast_furnace":3,"minecraft:white_bed":1,"minecraft:smoker":1,"minecraft:iron_pickaxe":90,"minecraft:gravel":4,"minecraft:stone_axe":79,"minecraft:cobblestone":17,"minecraft:furnace":4,"minecraft:cooked_beef":3},"minecraft:crafted":{"minecraft:cooked_beef":5,"minecraft:smooth_stone":3,"minecraft:cooked_porkchop":9,"minecraft:crafting_table":1,"minecraft:spruce_planks":36,"minecraft:wooden_pickaxe":1,"minecraft:cooked_chicken":2,"minecraft:iron_sword":1,"minecraft:furnace":2,"minecraft:blast_furnace":1,"minecraft:stone":3,"minecraft:stone_axe":1,"minecraft:cooked_mutton":9,"minecraft:air":0,"minecraft:shield":1,"minecraft:stick":12,"minecraft:iron_ingot":15,"minecraft:iron_pickaxe":1,"minecraft:stone_pickaxe":1,"minecraft:white_bed":2,"minecraft:shears":1,"minecraft:smoker":1},"minecraft:mined":{"minecraft:spruce_planks":3,"minecraft:white_bed":1,"minecraft:smoker":1,"minecraft:sculk_vein":4,"minecraft:dandelion":1,"minecraft:crafting_table":4,"minecraft:short_grass":7,"minecraft:blast_furnace":2,"minecraft:grass_block":1,"minecraft:cobblestone":10,"minecraft:spruce_leaves":15,"minecraft:deepslate_gold_ore":3,"minecraft:sugar_cane":12,"minecraft:furnace":5,"minecraft:iron_ore":48,"minecraft:spruce_log":13,"minecraft:birch_leaves":1,"minecraft:andesite":4,"minecraft:coal_ore":35,"minecraft:deepslate_iron_ore":15,"minecraft:gravel":5,"minecraft:dirt":8,"minecraft:stone":67},"minecraft:killed":{"minecraft:pig":6,"minecraft:spider":2,"minecraft:sheep":6,"minecraft:skeleton":1,"minecraft:zombie":4,"minecraft:chicken":2,"minecraft:cow":4},"minecraft:custom":{"minecraft:interact_with_furnace":27,"minecraft:mob_kills":25,"minecraft:interact_with_crafting_table":20,"minecraft:time_since_death":45079,"minecraft:time_since_rest":45079,"minecraft:sprint_one_cm":83194,"minecraft:damage_taken":420,"minecraft:walk_one_cm":88829,"minecraft:damage_blocked_by_shield":255,"minecraft:drop":2,"minecraft:damage_dealt":2831,"minecraft:swim_one_cm":777,"minecraft:fly_one_cm":99150,"minecraft:crouch_one_cm":845,"minecraft:play_time":45079,"minecraft:sneak_time":400,"minecraft:walk_under_water_one_cm":3390,"minecraft:jump":664,"minecraft:interact_with_blast_furnace":8,"minecraft:walk_on_water_one_cm":4214,"minecraft:interact_with_smoker":9,"minecraft:total_world_time":45079,"minecraft:fall_one_cm":20125},"minecraft:picked_up":{"minecraft:crafting_table":5,"minecraft:feather":4,"minecraft:cooked_beef":1,"minecraft:chicken":2,"minecraft:andesite":4,"minecraft:leather":2,"minecraft:smoker":1,"minecraft:flint":1,"minecraft:dirt":3,"minecraft:wheat_seeds":1,"minecraft:raw_gold":3,"minecraft:spruce_planks":3,"minecraft:beef":16,"minecraft:sugar_cane":29,"minecraft:egg":1,"minecraft:furnace":5,"minecraft:stick":1,"minecraft:raw_iron":106,"minecraft:dandelion":1,"minecraft:gravel":4,"minecraft:porkchop":9,"minecraft:blast_furnace":2,"minecraft:spruce_sapling":5,"minecraft:white_bed":1,"minecraft:spruce_log":13,"minecraft:spider_eye":1,"minecraft:rotten_flesh":10,"minecraft:mutton":9,"minecraft:coal":218,"minecraft:cobblestone":77,"minecraft:white_wool":6}},"DataVersion":3953}