{"stats":{"minecraft:mined":{"minecraft:sweet_berry_bush":1,"minecraft:spruce_leaves":1,"minecraft:spruce_log":3,"minecraft:stone":19},"minecraft:picked_up":{"minecraft:sweet_berries":3,"minecraft:spruce_log":3,"minecraft:cobblestone":19},"minecraft:crafted":{"minecraft:crafting_table":1,"minecraft:spruce_planks":12,"minecraft:stick":4,"minecraft:wooden_pickaxe":1},"minecraft:used":{"minecraft:crafting_table":1,"minecraft:wooden_pickaxe":19},"minecraft:custom":{"minecraft:time_since_rest":6585,"minecraft:sprint_one_cm":5275,"minecraft:play_time":6585,"minecraft:damage_taken":20,"minecraft:walk_one_cm":10160,"minecraft:sneak_time":9,"minecraft:jump":20,"minecraft:leave_game":3,"minecraft:time_since_death":6585,"minecraft:total_world_time":6585,"minecraft:interact_with_crafting_table":1,"minecraft:fall_one_cm":544,"minecraft:fly_one_cm":4136}},"DataVersion":3953}