{"stats":{"minecraft:used":{"minecraft:stone_pickaxe":101,"minecraft:wooden_pickaxe":3,"minecraft:spruce_planks":3,"minecraft:shield":3,"minecraft:cooked_chicken":2,"minecraft:dirt":3,"minecraft:crafting_table":4,"minecraft:smoker":1,"minecraft:iron_pickaxe":1,"minecraft:gravel":4,"minecraft:stone_axe":68,"minecraft:cobblestone":10,"minecraft:furnace":4,"minecraft:cooked_beef":2},"minecraft:crafted":{"minecraft:cooked_beef":4,"minecraft:crafting_table":1,"minecraft:spruce_planks":20,"minecraft:wooden_pickaxe":1,"minecraft:cooked_chicken":2,"minecraft:furnace":2,"minecraft:stone":3,"minecraft:stone_axe":1,"minecraft:air":0,"minecraft:shield":1,"minecraft:stick":8,"minecraft:iron_ingot":6,"minecraft:iron_pickaxe":1,"minecraft:stone_pickaxe":1,"minecraft:shears":1,"minecraft:smoker":1},"minecraft:mined":{"minecraft:spruce_planks":3,"minecraft:dandelion":1,"minecraft:crafting_table":3,"minecraft:short_grass":7,"minecraft:grass_block":1,"minecraft:cobblestone":10,"minecraft:spruce_leaves":15,"minecraft:sugar_cane":12,"minecraft:furnace":3,"minecraft:iron_ore":15,"minecraft:spruce_log":13,"minecraft:birch_leaves":1,"minecraft:andesite":4,"minecraft:coal_ore":35,"minecraft:gravel":5,"minecraft:dirt":8,"minecraft:stone":37},"minecraft:killed":{"minecraft:pig":6,"minecraft:spider":1,"minecraft:sheep":6,"minecraft:skeleton":1,"minecraft:zombie":1,"minecraft:chicken":2,"minecraft:cow":4},"minecraft:custom":{"minecraft:interact_with_furnace":20,"minecraft:mob_kills":21,"minecraft:interact_with_crafting_table":13,"minecraft:time_since_death":33079,"minecraft:time_since_rest":33079,"minecraft:sprint_one_cm":72109,"minecraft:damage_taken":250,"minecraft:walk_one_cm":57622,"minecraft:damage_blocked_by_shield":80,"minecraft:damage_dealt":2221,"minecraft:swim_one_cm":777,"minecraft:fly_one_cm":90776,"minecraft:crouch_one_cm":409,"minecraft:play_time":33079,"minecraft:sneak_time":164,"minecraft:walk_under_water_one_cm":1300,"minecraft:jump":513,"minecraft:walk_on_water_one_cm":2399,"minecraft:interact_with_smoker":1,"minecraft:total_world_time":33079,"minecraft:fall_one_cm":15775},"minecraft:picked_up":{"minecraft:crafting_table":3,"minecraft:feather":4,"minecraft:chicken":2,"minecraft:andesite":4,"minecraft:leather":2,"minecraft:flint":1,"minecraft:dirt":3,"minecraft:wheat_seeds":1,"minecraft:spruce_planks":3,"minecraft:beef":16,"minecraft:sugar_cane":29,"minecraft:egg":1,"minecraft:furnace":3,"minecraft:stick":1,"minecraft:raw_iron":15,"minecraft:dandelion":1,"minecraft:gravel":4,"minecraft:porkchop":9,"minecraft:spruce_sapling":5,"minecraft:spruce_log":13,"minecraft:rotten_flesh":6,"minecraft:mutton":9,"minecraft:coal":113,"minecraft:cobblestone":47,"minecraft:white_wool":6}},"DataVersion":3953}