{"stats":{"minecraft:mined":{"minecraft:sweet_berry_bush":1,"minecraft:spruce_log":1,"minecraft:spruce_leaves":1},"minecraft:picked_up":{"minecraft:spruce_log":1,"minecraft:sweet_berries":3},"minecraft:crafted":{"minecraft:crafting_table":1,"minecraft:spruce_planks":4},"minecraft:custom":{"minecraft:jump":20,"minecraft:time_since_rest":2929,"minecraft:leave_game":3,"minecraft:play_time":2929,"minecraft:sprint_one_cm":5275,"minecraft:damage_taken":20,"minecraft:time_since_death":2929,"minecraft:walk_one_cm":6296,"minecraft:sneak_time":9,"minecraft:total_world_time":2929,"minecraft:fall_one_cm":544,"minecraft:fly_one_cm":4136}},"DataVersion":3953}