{"stats":{"minecraft:used":{"minecraft:enchanting_table":1,"minecraft:polished_deepslate":3,"minecraft:chiseled_deepslate":2,"minecraft:cracked_deepslate_bricks":3,"minecraft:ladder":24,"minecraft:diamond_hoe":605,"minecraft:polished_basalt":9,"minecraft:chest":6,"minecraft:spruce_planks":3,"minecraft:shield":32,"minecraft:iron_sword":30,"minecraft:cooked_chicken":2,"minecraft:torch":18,"minecraft:iron_chestplate":1,"minecraft:dirt":3,"minecraft:anvil":1,"minecraft:cracked_deepslate_tiles":1,"minecraft:diamond_helmet":1,"minecraft:tuff":25,"minecraft:spruce_fence":3,"minecraft:bow":3,"minecraft:furnace":6,"minecraft:egg":1,"minecraft:cooked_beef":6,"minecraft:cobbled_deepslate":132,"minecraft:iron_leggings":1,"minecraft:water_bucket":53,"minecraft:stone_pickaxe":104,"minecraft:blue_wool":1,"minecraft:wooden_pickaxe":3,"minecraft:diamond_axe":27,"minecraft:deepslate_bricks":4,"minecraft:crafting_table":8,"minecraft:blast_furnace":8,"minecraft:light_blue_wool":2,"minecraft:white_bed":3,"minecraft:smoker":3,"minecraft:deepslate_tiles":11,"minecraft:diamond_pickaxe":1050,"minecraft:iron_pickaxe":261,"minecraft:gravel":4,"minecraft:stone_axe":79,"minecraft:diamond_sword":64,"minecraft:cobblestone":194,"minecraft:cooked_porkchop":4,"minecraft:bucket":54,"minecraft:gray_wool":2,"minecraft:diamond_leggings":1,"minecraft:sculk_catalyst":2,"minecraft:experience_bottle":3},"minecraft:dropped":{"minecraft:wheat_seeds":2,"minecraft:diamond_leggings":1,"minecraft:flint":1,"minecraft:iron_leggings":2,"minecraft:polished_basalt":5,"minecraft:cyan_carpet":4,"minecraft:dandelion":2,"minecraft:compass":1,"minecraft:soul_torch":9,"minecraft:cobbled_deepslate":1,"minecraft:tuff":4,"minecraft:diamond_hoe":1,"minecraft:rotten_flesh":12,"minecraft:name_tag":1,"minecraft:white_bed":2,"minecraft:deepslate_bricks":3,"minecraft:deepslate_tiles":13,"minecraft:spider_eye":2,"minecraft:bow":1,"minecraft:cracked_deepslate_bricks":3},"minecraft:mined":{"minecraft:dark_oak_planks":2,"minecraft:deepslate_tiles":25,"minecraft:diamond_ore":2,"minecraft:spruce_planks":3,"minecraft:tuff":44,"minecraft:white_bed":3,"minecraft:light_blue_wool":2,"minecraft:deepslate_diamond_ore":34,"minecraft:sculk_vein":130,"minecraft:obsidian":7,"minecraft:glow_lichen":1,"minecraft:ladder":1,"minecraft:deepslate_tile_wall":1,"minecraft:grass_block":1,"minecraft:redstone_wire":28,"minecraft:deepslate_bricks":22,"minecraft:spruce_leaves":20,"minecraft:blue_wool":3,"minecraft:raw_iron_block":1,"minecraft:magma_block":3,"minecraft:sculk_catalyst":5,"minecraft:furnace":7,"minecraft:iron_ore":168,"minecraft:polished_basalt":16,"minecraft:sticky_piston":5,"minecraft:cobbled_deepslate":39,"minecraft:andesite":5,"minecraft:target":1,"minecraft:chiseled_deepslate":7,"minecraft:deepslate_lapis_ore":2,"minecraft:azure_bluet":2,"minecraft:enchanting_table":1,"minecraft:polished_deepslate":4,"minecraft:sculk_shrieker":12,"minecraft:deepslate_iron_ore":188,"minecraft:rail":1,"minecraft:stone":277,"minecraft:redstone_block":2,"minecraft:glass_pane":1,"minecraft:comparator":8,"minecraft:smoker":2,"minecraft:soul_fire":2,"minecraft:dandelion":1,"minecraft:crafting_table":6,"minecraft:torch":8,"minecraft:short_grass":10,"minecraft:blast_furnace":5,"minecraft:oak_wood":2,"minecraft:chest":4,"minecraft:sculk_sensor":12,"minecraft:cobblestone":70,"minecraft:deepslate_coal_ore":15,"minecraft:deepslate_gold_ore":16,"minecraft:lapis_ore":4,"minecraft:sugar_cane":12,"minecraft:cracked_deepslate_bricks":8,"minecraft:sculk":527,"minecraft:wall_torch":7,"minecraft:gray_wool":5,"minecraft:repeater":8,"minecraft:spruce_log":20,"minecraft:birch_leaves":1,"minecraft:cracked_deepslate_tiles":9,"minecraft:coal_ore":70,"minecraft:gravel":5,"minecraft:dirt":8,"minecraft:cobweb":1,"minecraft:gold_ore":13,"minecraft:deepslate":203,"minecraft:redstone_lamp":20},"minecraft:crafted":{"minecraft:oak_planks":8,"minecraft:smooth_stone":9,"minecraft:raw_iron":9,"minecraft:iron_nugget":3,"minecraft:cooked_chicken":3,"minecraft:furnace":3,"minecraft:blast_furnace":3,"minecraft:stone":9,"minecraft:spruce_fence":3,"minecraft:cooked_mutton":9,"minecraft:diamond_helmet":1,"minecraft:iron_boots":1,"minecraft:stone_pickaxe":1,"minecraft:chest":6,"minecraft:diamond_boots":1,"minecraft:smoker":1,"minecraft:cooked_beef":5,"minecraft:diamond_sword":1,"minecraft:cooked_porkchop":9,"minecraft:diamond_axe":1,"minecraft:crafting_table":1,"minecraft:spruce_planks":64,"minecraft:enchanting_table":1,"minecraft:wooden_pickaxe":1,"minecraft:iron_helmet":2,"minecraft:iron_sword":1,"minecraft:bucket":1,"minecraft:stone_axe":1,"minecraft:air":0,"minecraft:iron_chestplate":1,"minecraft:diamond_pickaxe":1,"minecraft:shield":1,"minecraft:stick":20,"minecraft:iron_ingot":228,"minecraft:iron_pickaxe":2,"minecraft:iron_block":25,"minecraft:iron_leggings":1,"minecraft:gold_ingot":19,"minecraft:anvil":1,"minecraft:white_bed":2,"minecraft:torch":4,"minecraft:shears":1,"minecraft:diamond_chestplate":1},"minecraft:picked_up":{"minecraft:chiseled_deepslate":5,"minecraft:crafting_table":9,"minecraft:iron_chestplate":2,"minecraft:redstone_block":2,"minecraft:chicken":2,"minecraft:ladder":31,"minecraft:redstone_lamp":20,"minecraft:lead":1,"minecraft:diamond_sword":2,"minecraft:wooden_pickaxe":2,"minecraft:diamond_horse_armor":1,"minecraft:potion":10,"minecraft:enchanted_book":6,"minecraft:shield":4,"minecraft:polished_deepslate":3,"minecraft:string":2,"minecraft:iron_leggings":9,"minecraft:sticky_piston":5,"minecraft:compass":1,"minecraft:cyan_carpet":4,"minecraft:diamond_leggings":2,"minecraft:deepslate_tiles":26,"minecraft:cobbled_deepslate":303,"minecraft:comparator":8,"minecraft:spruce_planks":3,"minecraft:beef":16,"minecraft:redstone_torch":1,"minecraft:iron_pickaxe":3,"minecraft:deepslate_tile_wall":1,"minecraft:sugar_cane":58,"minecraft:chest":4,"minecraft:furnace":7,"minecraft:diamond_hoe":2,"minecraft:iron_boots":2,"minecraft:egg":2,"minecraft:blue_wool":1,"minecraft:stick":8,"minecraft:raw_iron":410,"minecraft:torch":22,"minecraft:porkchop":9,"minecraft:target":1,"minecraft:carrot":1,"minecraft:redstone":41,"minecraft:dark_oak_planks":2,"minecraft:arrow":5,"minecraft:rotten_flesh":14,"minecraft:diamond_chestplate":2,"minecraft:light_blue_wool":2,"minecraft:beetroot_seeds":1,"minecraft:diamond_boots":2,"minecraft:deepslate_bricks":20,"minecraft:polished_basalt":14,"minecraft:cracked_deepslate_bricks":7,"minecraft:ward_armor_trim_smithing_template":2,"minecraft:gold_ingot":13,"minecraft:saddle":1,"minecraft:glow_berries":4,"minecraft:obsidian":5,"minecraft:mutton":9,"minecraft:white_wool":9,"minecraft:cobblestone":384,"minecraft:cracked_deepslate_tiles":4,"minecraft:enchanting_table":1,"minecraft:magma_block":3,"minecraft:feather":5,"minecraft:cooked_beef":1,"minecraft:repeater":8,"minecraft:water_bucket":2,"minecraft:andesite":9,"minecraft:leather":10,"minecraft:smoker":2,"minecraft:flint":4,"minecraft:tuff":33,"minecraft:lapis_lazuli":40,"minecraft:dirt":3,"minecraft:disc_fragment_5":6,"minecraft:name_tag":5,"minecraft:bone":41,"minecraft:bow":2,"minecraft:wheat_seeds":2,"minecraft:raw_gold":29,"minecraft:iron_ingot":106,"minecraft:stone_pickaxe":2,"minecraft:diamond_helmet":2,"minecraft:iron_sword":2,"minecraft:book":17,"minecraft:cooked_porkchop":17,"minecraft:dandelion":2,"minecraft:raw_iron_block":1,"minecraft:gravel":4,"minecraft:amethyst_shard":47,"minecraft:spruce_sapling":5,"minecraft:blast_furnace":5,"minecraft:white_bed":3,"minecraft:spruce_log":20,"minecraft:spider_eye":2,"minecraft:oak_wood":2,"minecraft:sculk_sensor":5,"minecraft:diamond":36,"minecraft:lever":1,"minecraft:diamond_axe":2,"minecraft:gray_wool":5,"minecraft:coal":308,"minecraft:diamond_pickaxe":2},"minecraft:broken":{"minecraft:iron_pickaxe":1},"minecraft:custom":{"minecraft:interact_with_anvil":9,"minecraft:mob_kills":37,"minecraft:interact_with_crafting_table":55,"minecraft:leave_game":16,"minecraft:time_since_death":52723,"minecraft:climb_one_cm":32331,"minecraft:sprint_one_cm":752074,"minecraft:walk_one_cm":658909,"minecraft:damage_blocked_by_shield":1340,"minecraft:drop":40,"minecraft:play_time":349578,"minecraft:sneak_time":23043,"minecraft:deaths":6,"minecraft:walk_under_water_one_cm":49377,"minecraft:jump":6081,"minecraft:interact_with_blast_furnace":90,"minecraft:walk_on_water_one_cm":51015,"minecraft:enchant_item":3,"minecraft:total_world_time":349578,"minecraft:interact_with_furnace":62,"minecraft:sleep_in_bed":3,"minecraft:time_since_rest":6395,"minecraft:damage_taken":7836,"minecraft:damage_dealt":8081,"minecraft:swim_one_cm":30563,"minecraft:fly_one_cm":941319,"minecraft:open_chest":183,"minecraft:crouch_one_cm":68193,"minecraft:interact_with_smoker":14,"minecraft:fall_one_cm":208101,"minecraft:horse_one_cm":224946},"minecraft:killed_by":{"minecraft:warden":5},"minecraft:killed":{"minecraft:spider":3,"minecraft:skeleton":5,"minecraft:chicken":2,"minecraft:pig":6,"minecraft:sheep":6,"minecraft:goat":3,"minecraft:zombie":7,"minecraft:cow":4}},"DataVersion":3953}