{"stats":{"minecraft:dropped":{"minecraft:iron_ingot":8,"minecraft:porkchop":3,"minecraft:cooked_beef":4,"minecraft:mossy_cobblestone":61,"minecraft:diamond":1,"minecraft:cobblestone":2,"minecraft:saddle":1,"minecraft:coal":28,"minecraft:torch":1,"minecraft:cornflower":2,"minecraft:wooden_axe":1,"minecraft:bucket":1,"minecraft:music_disc_cat":1,"minecraft:bone":1,"minecraft:gravel":4,"minecraft:stone_axe":1,"minecraft:stone_sword":1,"minecraft:pumpkin_seeds":4,"minecraft:stone_pickaxe":1,"minecraft:calcite":1},"minecraft:custom":{"minecraft:mob_kills":39,"minecraft:inspect_hopper":3,"minecraft:interact_with_crafting_table":60,"minecraft:leave_game":5,"minecraft:time_since_death":11517,"minecraft:climb_one_cm":9414,"minecraft:sprint_one_cm":324297,"minecraft:walk_one_cm":666250,"minecraft:damage_blocked_by_shield":2250,"minecraft:drop":30,"minecraft:play_time":335055,"minecraft:deaths":4,"minecraft:sneak_time":5947,"minecraft:walk_under_water_one_cm":145783,"minecraft:boat_one_cm":29234,"minecraft:jump":2781,"minecraft:interact_with_blast_furnace":53,"minecraft:walk_on_water_one_cm":109630,"minecraft:total_world_time":335055,"minecraft:interact_with_furnace":37,"minecraft:sleep_in_bed":1,"minecraft:time_since_rest":11555,"minecraft:damage_taken":4253,"minecraft:damage_dealt":6933,"minecraft:swim_one_cm":310929,"minecraft:fly_one_cm":238428,"minecraft:open_chest":79,"minecraft:crouch_one_cm":10116,"minecraft:interact_with_smoker":9,"minecraft:fall_one_cm":64734},"minecraft:broken":{"minecraft:iron_pickaxe":3},"minecraft:picked_up":{"minecraft:wooden_axe":2,"minecraft:iron_chestplate":4,"minecraft:charcoal":18,"minecraft:coarse_dirt":18,"minecraft:crafting_table":11,"minecraft:chicken":4,"minecraft:ladder":6,"minecraft:brown_mushroom":1,"minecraft:wooden_pickaxe":4,"minecraft:enchanted_book":1,"minecraft:shield":2,"minecraft:iron_axe":2,"minecraft:cornflower":5,"minecraft:music_disc_cat":2,"minecraft:raw_copper":30,"minecraft:string":27,"minecraft:iron_leggings":4,"minecraft:cobbled_deepslate":158,"minecraft:bucket":3,"minecraft:spruce_planks":69,"minecraft:beef":17,"minecraft:cobblestone_slab":6,"minecraft:calcite":1,"minecraft:iron_pickaxe":1,"minecraft:sugar_cane":9,"minecraft:chest":9,"minecraft:spruce_trapdoor":9,"minecraft:iron_boots":3,"minecraft:furnace":9,"minecraft:egg":2,"minecraft:raw_iron":253,"minecraft:stick":2,"minecraft:oak_door":6,"minecraft:torch":29,"minecraft:porkchop":7,"minecraft:pointed_dripstone":3,"minecraft:redstone":12,"minecraft:dark_oak_planks":4,"minecraft:stone_sword":1,"minecraft:arrow":20,"minecraft:rotten_flesh":55,"minecraft:mangrove_roots":3,"minecraft:saddle":1,"minecraft:obsidian":7,"minecraft:cobblestone":1272,"minecraft:oxeye_daisy":3,"minecraft:magma_block":9,"minecraft:feather":6,"minecraft:cooked_beef":5,"minecraft:water_bucket":2,"minecraft:leather":35,"minecraft:smoker":5,"minecraft:flint":2,"minecraft:tuff":2,"minecraft:oak_log":6,"minecraft:gunpowder":1,"minecraft:lapis_lazuli":145,"minecraft:dirt":19,"minecraft:bone":20,"minecraft:kelp":139,"minecraft:bow":10,"minecraft:wheat_seeds":10,"minecraft:iron_ingot":9,"minecraft:stone_pickaxe":4,"minecraft:cooked_chicken":3,"minecraft:glowstone_dust":12,"minecraft:iron_sword":2,"minecraft:oak_planks":50,"minecraft:soul_sand":18,"minecraft:oak_slab":6,"minecraft:sweet_berries":252,"minecraft:quartz":90,"minecraft:gravel":4,"minecraft:jungle_planks":2,"minecraft:blast_furnace":8,"minecraft:white_bed":2,"minecraft:spruce_log":77,"minecraft:spider_eye":1,"minecraft:spruce_door":42,"minecraft:mossy_cobblestone":80,"minecraft:oak_wood":1,"minecraft:pumpkin_seeds":4,"minecraft:diamond":1,"minecraft:spruce_boat":2,"minecraft:iron_helmet":4,"minecraft:granite":2,"minecraft:spruce_sign":18,"minecraft:bread":3,"minecraft:rooted_dirt":1,"minecraft:netherrack":119,"minecraft:hopper":3,"minecraft:coal":525,"minecraft:crimson_roots":12,"minecraft:diamond_pickaxe":4},"minecraft:killed_by":{"minecraft:zombie":1},"minecraft:crafted":{"minecraft:oak_planks":28,"minecraft:smooth_stone":3,"minecraft:cobblestone_slab":6,"minecraft:furnace":3,"minecraft:blast_furnace":1,"minecraft:stone":3,"minecraft:hopper":1,"minecraft:iron_boots":2,"minecraft:iron_axe":1,"minecraft:stone_pickaxe":1,"minecraft:cobblestone_wall":6,"minecraft:chest":5,"minecraft:spruce_boat":1,"minecraft:smoker":1,"minecraft:cooked_beef":7,"minecraft:cooked_porkchop":4,"minecraft:spruce_sign":9,"minecraft:crafting_table":8,"minecraft:spruce_planks":132,"minecraft:wooden_pickaxe":1,"minecraft:iron_helmet":1,"minecraft:iron_sword":2,"minecraft:spruce_door":3,"minecraft:bucket":4,"minecraft:stone_axe":1,"minecraft:air":0,"minecraft:spruce_trapdoor":4,"minecraft:white_wool":3,"minecraft:iron_chestplate":1,"minecraft:charcoal":13,"minecraft:shield":2,"minecraft:stick":28,"minecraft:iron_ingot":121,"minecraft:iron_pickaxe":4,"minecraft:stone_sword":1,"minecraft:iron_leggings":1,"minecraft:white_bed":1,"minecraft:torch":20},"minecraft:mined":{"minecraft:dark_oak_planks":4,"minecraft:tuff":15,"minecraft:spruce_planks":29,"minecraft:white_bed":2,"minecraft:mossy_cobblestone":69,"minecraft:deepslate_diamond_ore":1,"minecraft:oak_door":2,"minecraft:mangrove_roots":1,"minecraft:obsidian":7,"minecraft:spruce_trapdoor":3,"minecraft:granite":2,"minecraft:ladder":4,"minecraft:grass_block":6,"minecraft:jungle_planks":2,"minecraft:crimson_roots":1,"minecraft:spruce_leaves":5,"minecraft:hopper":3,"minecraft:kelp":2,"minecraft:oxeye_daisy":1,"minecraft:rooted_dirt":1,"minecraft:large_fern":15,"minecraft:magma_block":3,"minecraft:furnace":8,"minecraft:fire":2,"minecraft:iron_ore":177,"minecraft:cobbled_deepslate":3,"minecraft:deepslate_lapis_ore":6,"minecraft:pointed_dripstone":1,"minecraft:deepslate_iron_ore":30,"minecraft:stone":827,"minecraft:podzol":1,"minecraft:deepslate_redstone_ore":1,"minecraft:oak_slab":3,"minecraft:soul_sand":17,"minecraft:kelp_plant":13,"minecraft:smoker":4,"minecraft:spruce_door":40,"minecraft:crafting_table":9,"minecraft:torch":5,"minecraft:short_grass":33,"minecraft:blast_furnace":8,"minecraft:calcite":1,"minecraft:chest":10,"minecraft:copper_ore":2,"minecraft:spruce_wall_sign":15,"minecraft:nether_quartz_ore":30,"minecraft:cobblestone":329,"minecraft:oak_planks":32,"minecraft:lapis_ore":5,"minecraft:sugar_cane":4,"minecraft:wall_torch":11,"minecraft:coarse_dirt":15,"minecraft:sweet_berry_bush":67,"minecraft:spruce_log":77,"minecraft:birch_leaves":4,"minecraft:oak_log":6,"minecraft:coal_ore":132,"minecraft:gravel":1,"minecraft:dirt":14,"minecraft:netherrack":58,"minecraft:oak_leaves":24,"minecraft:deepslate":138,"minecraft:fern":10},"minecraft:killed":{"minecraft:spider":2,"minecraft:skeleton":8,"minecraft:chicken":5,"minecraft:piglin":4,"minecraft:hoglin":1,"minecraft:creeper":2,"minecraft:zombie":11,"minecraft:cow":4},"minecraft:used":{"minecraft:stone_sword":98,"minecraft:spruce_planks":41,"minecraft:chest":13,"minecraft:shield":62,"minecraft:iron_sword":112,"minecraft:cooked_chicken":3,"minecraft:rotten_flesh":1,"minecraft:netherrack":35,"minecraft:spruce_leaves":27,"minecraft:torch":35,"minecraft:soul_sand":14,"minecraft:dirt":8,"minecraft:hopper":4,"minecraft:cobblestone_wall":2,"minecraft:obsidian":7,"minecraft:spruce_boat":3,"minecraft:wooden_axe":9,"minecraft:lava_bucket":6,"minecraft:iron_axe":107,"minecraft:rooted_dirt":1,"minecraft:iron_helmet":1,"minecraft:iron_boots":1,"minecraft:sweet_berries":147,"minecraft:furnace":9,"minecraft:egg":2,"minecraft:cooked_beef":8,"minecraft:iron_leggings":1,"minecraft:water_bucket":134,"minecraft:spruce_door":44,"minecraft:oak_planks":59,"minecraft:stone_pickaxe":50,"minecraft:wooden_pickaxe":32,"minecraft:spruce_sign":19,"minecraft:mossy_cobblestone":4,"minecraft:oak_slab":6,"minecraft:crafting_table":14,"minecraft:blast_furnace":9,"minecraft:white_bed":2,"minecraft:spruce_log":27,"minecraft:smoker":6,"minecraft:diamond_pickaxe":630,"minecraft:bread":3,"minecraft:iron_pickaxe":1182,"minecraft:spruce_trapdoor":3,"minecraft:stone_axe":122,"minecraft:cobblestone":890,"minecraft:cooked_porkchop":4,"minecraft:bucket":145,"minecraft:kelp":49,"minecraft:coarse_dirt":13}},"DataVersion":3953}