{"stats":{"minecraft:dropped":{"minecraft:iron_ingot":8,"minecraft:mossy_cobblestone":61,"minecraft:saddle":1,"minecraft:coal":28,"minecraft:wooden_axe":1,"minecraft:music_disc_cat":1,"minecraft:bone":1,"minecraft:gravel":4,"minecraft:stone_axe":1,"minecraft:pumpkin_seeds":4,"minecraft:stone_pickaxe":1,"minecraft:calcite":1},"minecraft:custom":{"minecraft:mob_kills":12,"minecraft:interact_with_crafting_table":41,"minecraft:leave_game":5,"minecraft:time_since_death":167055,"minecraft:climb_one_cm":2703,"minecraft:sprint_one_cm":108975,"minecraft:walk_one_cm":251774,"minecraft:damage_blocked_by_shield":380,"minecraft:drop":15,"minecraft:play_time":167055,"minecraft:sneak_time":1439,"minecraft:walk_under_water_one_cm":59265,"minecraft:boat_one_cm":29234,"minecraft:jump":1111,"minecraft:interact_with_blast_furnace":34,"minecraft:walk_on_water_one_cm":30856,"minecraft:total_world_time":167055,"minecraft:interact_with_furnace":29,"minecraft:sleep_in_bed":1,"minecraft:time_since_rest":45168,"minecraft:damage_taken":1318,"minecraft:damage_dealt":1542,"minecraft:swim_one_cm":255989,"minecraft:fly_one_cm":104426,"minecraft:open_chest":18,"minecraft:crouch_one_cm":563,"minecraft:interact_with_smoker":1,"minecraft:fall_one_cm":17715},"minecraft:broken":{"minecraft:iron_pickaxe":2},"minecraft:picked_up":{"minecraft:wooden_axe":2,"minecraft:charcoal":14,"minecraft:coarse_dirt":13,"minecraft:crafting_table":4,"minecraft:chicken":4,"minecraft:ladder":3,"minecraft:brown_mushroom":1,"minecraft:wooden_pickaxe":1,"minecraft:enchanted_book":1,"minecraft:music_disc_cat":2,"minecraft:string":12,"minecraft:cobbled_deepslate":64,"minecraft:spruce_planks":10,"minecraft:calcite":1,"minecraft:sugar_cane":9,"minecraft:furnace":5,"minecraft:egg":2,"minecraft:raw_iron":108,"minecraft:stick":2,"minecraft:torch":3,"minecraft:dark_oak_planks":4,"minecraft:stone_sword":1,"minecraft:arrow":4,"minecraft:rotten_flesh":11,"minecraft:saddle":1,"minecraft:cobblestone":548,"minecraft:oxeye_daisy":1,"minecraft:magma_block":3,"minecraft:feather":3,"minecraft:tuff":2,"minecraft:lapis_lazuli":34,"minecraft:dirt":10,"minecraft:bone":2,"minecraft:kelp":16,"minecraft:bow":2,"minecraft:wheat_seeds":7,"minecraft:stone_pickaxe":2,"minecraft:cooked_chicken":3,"minecraft:sweet_berries":122,"minecraft:gravel":4,"minecraft:jungle_planks":2,"minecraft:blast_furnace":4,"minecraft:spruce_log":62,"minecraft:spruce_door":42,"minecraft:mossy_cobblestone":65,"minecraft:pumpkin_seeds":4,"minecraft:spruce_boat":2,"minecraft:spruce_sign":2,"minecraft:rooted_dirt":1,"minecraft:coal":277},"minecraft:crafted":{"minecraft:smooth_stone":3,"minecraft:furnace":3,"minecraft:blast_furnace":1,"minecraft:stone":3,"minecraft:iron_boots":1,"minecraft:stone_pickaxe":1,"minecraft:cobblestone_wall":6,"minecraft:chest":1,"minecraft:spruce_boat":1,"minecraft:smoker":1,"minecraft:spruce_sign":3,"minecraft:crafting_table":6,"minecraft:spruce_planks":72,"minecraft:wooden_pickaxe":1,"minecraft:iron_helmet":1,"minecraft:iron_sword":1,"minecraft:spruce_door":3,"minecraft:bucket":2,"minecraft:stone_axe":1,"minecraft:air":0,"minecraft:white_wool":3,"minecraft:iron_chestplate":1,"minecraft:charcoal":13,"minecraft:shield":1,"minecraft:stick":20,"minecraft:iron_ingot":89,"minecraft:iron_pickaxe":4,"minecraft:stone_sword":1,"minecraft:iron_leggings":1,"minecraft:white_bed":1,"minecraft:torch":4},"minecraft:mined":{"minecraft:dark_oak_planks":4,"minecraft:tuff":15,"minecraft:spruce_planks":10,"minecraft:mossy_cobblestone":64,"minecraft:ladder":3,"minecraft:grass_block":3,"minecraft:jungle_planks":2,"minecraft:spruce_leaves":4,"minecraft:kelp":1,"minecraft:oxeye_daisy":1,"minecraft:rooted_dirt":1,"minecraft:large_fern":14,"minecraft:magma_block":3,"minecraft:furnace":5,"minecraft:iron_ore":103,"minecraft:deepslate_iron_ore":6,"minecraft:stone":420,"minecraft:podzol":1,"minecraft:kelp_plant":5,"minecraft:spruce_door":40,"minecraft:crafting_table":5,"minecraft:torch":1,"minecraft:short_grass":23,"minecraft:blast_furnace":4,"minecraft:calcite":1,"minecraft:chest":1,"minecraft:spruce_wall_sign":2,"minecraft:cobblestone":129,"minecraft:lapis_ore":5,"minecraft:sugar_cane":4,"minecraft:wall_torch":2,"minecraft:coarse_dirt":13,"minecraft:sweet_berry_bush":53,"minecraft:spruce_log":63,"minecraft:coal_ore":117,"minecraft:gravel":1,"minecraft:dirt":7,"minecraft:deepslate":105,"minecraft:fern":10},"minecraft:killed":{"minecraft:spider":1,"minecraft:skeleton":3,"minecraft:chicken":5,"minecraft:zombie":3},"minecraft:used":{"minecraft:stone_sword":86,"minecraft:spruce_planks":11,"minecraft:chest":1,"minecraft:shield":12,"minecraft:cooked_chicken":3,"minecraft:rotten_flesh":1,"minecraft:torch":7,"minecraft:dirt":8,"minecraft:cobblestone_wall":2,"minecraft:spruce_boat":3,"minecraft:wooden_axe":9,"minecraft:rooted_dirt":1,"minecraft:sweet_berries":99,"minecraft:furnace":6,"minecraft:egg":2,"minecraft:water_bucket":9,"minecraft:spruce_door":44,"minecraft:stone_pickaxe":50,"minecraft:wooden_pickaxe":32,"minecraft:spruce_sign":3,"minecraft:crafting_table":9,"minecraft:blast_furnace":5,"minecraft:white_bed":1,"minecraft:spruce_log":27,"minecraft:smoker":1,"minecraft:iron_pickaxe":903,"minecraft:stone_axe":122,"minecraft:cobblestone":337,"minecraft:bucket":11,"minecraft:coarse_dirt":12}},"DataVersion":3953}