{"stats":{"minecraft:custom":{"minecraft:time_since_rest":30245,"minecraft:sprint_one_cm":21151,"minecraft:damage_taken":239,"minecraft:walk_one_cm":28017,"minecraft:mob_kills":3,"minecraft:damage_dealt":357,"minecraft:interact_with_crafting_table":8,"minecraft:fly_one_cm":21521,"minecraft:crouch_one_cm":330,"minecraft:play_time":30245,"minecraft:sneak_time":172,"minecraft:jump":186,"minecraft:walk_on_water_one_cm":1787,"minecraft:leave_game":4,"minecraft:time_since_death":30245,"minecraft:total_world_time":30245,"minecraft:fall_one_cm":3948},"minecraft:killed":{"minecraft:chicken":2,"minecraft:spider":1},"minecraft:mined":{"minecraft:large_fern":8,"minecraft:coarse_dirt":12,"minecraft:spruce_planks":9,"minecraft:iron_ore":4,"minecraft:sweet_berry_bush":12,"minecraft:spruce_log":34,"minecraft:short_grass":11,"minecraft:grass_block":2,"minecraft:dirt":6,"minecraft:spruce_leaves":4,"minecraft:stone":52,"minecraft:rooted_dirt":1,"minecraft:fern":8},"minecraft:used":{"minecraft:stone_sword":41,"minecraft:rooted_dirt":1,"minecraft:stone_pickaxe":26,"minecraft:spruce_planks":9,"minecraft:wooden_pickaxe":31,"minecraft:stone_axe":42,"minecraft:dirt":6,"minecraft:cobblestone":1,"minecraft:sweet_berries":14,"minecraft:crafting_table":2,"minecraft:coarse_dirt":12,"minecraft:spruce_log":11},"minecraft:picked_up":{"minecraft:raw_iron":4,"minecraft:stick":2,"minecraft:coarse_dirt":12,"minecraft:chicken":2,"minecraft:feather":2,"minecraft:sweet_berries":32,"minecraft:spruce_log":34,"minecraft:string":2,"minecraft:dirt":7,"minecraft:wheat_seeds":3,"minecraft:spruce_planks":9,"minecraft:rooted_dirt":1,"minecraft:cobblestone":52,"minecraft:egg":1},"minecraft:crafted":{"minecraft:crafting_table":2,"minecraft:spruce_planks":20,"minecraft:stick":12,"minecraft:wooden_pickaxe":1,"minecraft:stone_pickaxe":1,"minecraft:stone_sword":1,"minecraft:stone_axe":1}},"DataVersion":3953}