{"stats":{"minecraft:crafted":{"minecraft:wooden_sword":1,"minecraft:crafting_table":1,"minecraft:spruce_planks":20,"minecraft:stick":8,"minecraft:wooden_pickaxe":1},"minecraft:dropped":{"minecraft:wheat_seeds":4,"minecraft:dandelion":1},"minecraft:picked_up":{"minecraft:crafting_table":1,"minecraft:coarse_dirt":1,"minecraft:sweet_berries":46,"minecraft:dandelion":1,"minecraft:spruce_log":2,"minecraft:dirt":5,"minecraft:wheat_seeds":4,"minecraft:spruce_wood":3,"minecraft:yellow_terracotta":1,"minecraft:moss_block":3,"minecraft:cobblestone":6},"minecraft:mined":{"minecraft:yellow_terracotta":1,"minecraft:large_fern":2,"minecraft:coarse_dirt":1,"minecraft:sweet_berry_bush":23,"minecraft:spruce_log":2,"minecraft:dandelion":1,"minecraft:crafting_table":1,"minecraft:short_grass":3,"minecraft:grass_block":2,"minecraft:dirt":3,"minecraft:spruce_wood":3,"minecraft:stone":6,"minecraft:moss_block":3,"minecraft:fern":4},"minecraft:used":{"minecraft:moss_block":3,"minecraft:wooden_pickaxe":16,"minecraft:dirt":4,"minecraft:sweet_berries":46,"minecraft:crafting_table":1},"minecraft:custom":{"minecraft:time_since_rest":15792,"minecraft:sprint_one_cm":48707,"minecraft:damage_taken":533,"minecraft:walk_one_cm":27984,"minecraft:drop":5,"minecraft:damage_dealt":40,"minecraft:interact_with_crafting_table":1,"minecraft:swim_one_cm":4627,"minecraft:fly_one_cm":40444,"minecraft:play_time":15792,"minecraft:sneak_time":30,"minecraft:walk_under_water_one_cm":562,"minecraft:jump":286,"minecraft:time_since_death":15792,"minecraft:walk_on_water_one_cm":3891,"minecraft:climb_one_cm":212,"minecraft:total_world_time":15792,"minecraft:fall_one_cm":5352}},"DataVersion":3953}