{"stats":{"minecraft:used":{"minecraft:cooked_mutton":5,"minecraft:stone_sword":109,"minecraft:cracked_deepslate_bricks":1,"minecraft:stone_pickaxe":132,"minecraft:wooden_pickaxe":32,"minecraft:iron_sword":10,"minecraft:deepslate_bricks":3,"minecraft:sculk_sensor":2,"minecraft:rotten_flesh":2,"minecraft:iron_chestplate":1,"minecraft:torch":9,"minecraft:crafting_table":3,"minecraft:blast_furnace":1,"minecraft:white_bed":2,"minecraft:deepslate_tiles":1,"minecraft:wooden_axe":38,"minecraft:iron_pickaxe":81,"minecraft:iron_helmet":1,"minecraft:stone_axe":2,"minecraft:cobblestone":11,"minecraft:sweet_berries":8,"minecraft:furnace":3,"minecraft:cooked_porkchop":1,"minecraft:andesite":20,"minecraft:cooked_beef":8,"minecraft:cobbled_deepslate":1,"minecraft:iron_leggings":1},"minecraft:dropped":{"minecraft:wheat_seeds":3,"minecraft:cooked_beef":1,"minecraft:pointed_dripstone":2,"minecraft:coal":36,"minecraft:andesite":1,"minecraft:stone_pickaxe":1,"minecraft:wooden_pickaxe":1,"minecraft:iron_pickaxe":2},"minecraft:mined":{"minecraft:deepslate_tiles":1,"minecraft:deepslate_diamond_ore":3,"minecraft:sculk_vein":6,"minecraft:crafting_table":3,"minecraft:torch":1,"minecraft:short_grass":15,"minecraft:blast_furnace":1,"minecraft:deepslate_bricks":3,"minecraft:spruce_leaves":4,"minecraft:deepslate_gold_ore":18,"minecraft:cracked_deepslate_bricks":1,"minecraft:oxeye_daisy":1,"minecraft:wall_torch":5,"minecraft:large_fern":4,"minecraft:furnace":1,"minecraft:iron_ore":66,"minecraft:sweet_berry_bush":3,"minecraft:spruce_log":5,"minecraft:andesite":16,"minecraft:deepslate_lapis_ore":2,"minecraft:sculk_shrieker":1,"minecraft:coal_ore":19,"minecraft:gravel":1,"minecraft:cobweb":1,"minecraft:stone":61,"minecraft:gold_ore":18,"minecraft:deepslate":7},"minecraft:picked_up":{"minecraft:crafting_table":2,"minecraft:iron_chestplate":1,"minecraft:feather":1,"minecraft:cooked_beef":7,"minecraft:chicken":1,"minecraft:andesite":21,"minecraft:leather":6,"minecraft:wooden_pickaxe":2,"minecraft:flint":1,"minecraft:lapis_lazuli":9,"minecraft:polished_deepslate":1,"minecraft:string":1,"minecraft:iron_leggings":2,"minecraft:wheat_seeds":3,"minecraft:deepslate_tiles":1,"minecraft:diamond_leggings":1,"minecraft:cobbled_deepslate":4,"minecraft:raw_gold":36,"minecraft:iron_ingot":7,"minecraft:beef":9,"minecraft:stone_pickaxe":1,"minecraft:iron_pickaxe":3,"minecraft:iron_sword":1,"minecraft:iron_boots":1,"minecraft:furnace":1,"minecraft:raw_iron":97,"minecraft:cooked_porkchop":1,"minecraft:sweet_berries":8,"minecraft:torch":11,"minecraft:porkchop":1,"minecraft:carrot":1,"minecraft:pointed_dripstone":2,"minecraft:blast_furnace":1,"minecraft:white_bed":2,"minecraft:spruce_log":5,"minecraft:stone_sword":1,"minecraft:arrow":4,"minecraft:sculk_sensor":2,"minecraft:rotten_flesh":4,"minecraft:diamond":2,"minecraft:stone_axe":1,"minecraft:deepslate_bricks":3,"minecraft:iron_helmet":1,"minecraft:cracked_deepslate_bricks":1,"minecraft:mutton":5,"minecraft:coal":108,"minecraft:white_wool":3,"minecraft:rail":1,"minecraft:cobblestone":63},"minecraft:crafted":{"minecraft:cooked_beef":14,"minecraft:crafting_table":1,"minecraft:spruce_planks":20,"minecraft:wooden_pickaxe":1,"minecraft:iron_helmet":1,"minecraft:iron_sword":1,"minecraft:furnace":2,"minecraft:stone_axe":1,"minecraft:cooked_mutton":5,"minecraft:iron_boots":1,"minecraft:iron_chestplate":1,"minecraft:stick":16,"minecraft:iron_ingot":79,"minecraft:iron_pickaxe":1,"minecraft:stone_pickaxe":1,"minecraft:wooden_axe":1,"minecraft:stone_sword":1,"minecraft:iron_leggings":1,"minecraft:torch":8},"minecraft:broken":{"minecraft:stone_pickaxe":1,"minecraft:wooden_axe":1},"minecraft:custom":{"minecraft:interact_with_furnace":16,"minecraft:mob_kills":17,"minecraft:interact_with_crafting_table":9,"minecraft:leave_game":4,"minecraft:time_since_death":59460,"minecraft:sleep_in_bed":2,"minecraft:climb_one_cm":6233,"minecraft:time_since_rest":59535,"minecraft:sprint_one_cm":323854,"minecraft:damage_taken":1654,"minecraft:walk_one_cm":236390,"minecraft:drop":10,"minecraft:damage_dealt":2300,"minecraft:swim_one_cm":9365,"minecraft:fly_one_cm":309348,"minecraft:open_chest":24,"minecraft:crouch_one_cm":72631,"minecraft:play_time":121396,"minecraft:deaths":1,"minecraft:sneak_time":18874,"minecraft:walk_under_water_one_cm":7141,"minecraft:jump":2052,"minecraft:interact_with_blast_furnace":32,"minecraft:walk_on_water_one_cm":30992,"minecraft:total_world_time":121396,"minecraft:interact_with_smoker":8,"minecraft:fall_one_cm":57266},"minecraft:killed_by":{"minecraft:zombie":1},"minecraft:killed":{"minecraft:pig":1,"minecraft:spider":1,"minecraft:sheep":3,"minecraft:skeleton":2,"minecraft:zombie":4,"minecraft:chicken":1,"minecraft:cow":4}},"DataVersion":3953}