{"stats":{"minecraft:dropped":{"minecraft:wheat_seeds":3,"minecraft:cooked_beef":1,"minecraft:pointed_dripstone":2,"minecraft:coal":36,"minecraft:andesite":1,"minecraft:stone_pickaxe":1,"minecraft:wooden_pickaxe":1,"minecraft:iron_pickaxe":1},"minecraft:killed_by":{"minecraft:zombie":1},"minecraft:used":{"minecraft:cooked_mutton":5,"minecraft:stone_sword":109,"minecraft:stone_pickaxe":132,"minecraft:wooden_pickaxe":32,"minecraft:deepslate_bricks":3,"minecraft:sculk_sensor":2,"minecraft:rotten_flesh":2,"minecraft:iron_chestplate":1,"minecraft:torch":9,"minecraft:crafting_table":3,"minecraft:blast_furnace":1,"minecraft:white_bed":2,"minecraft:wooden_axe":38,"minecraft:iron_pickaxe":46,"minecraft:iron_helmet":1,"minecraft:stone_axe":2,"minecraft:cobblestone":11,"minecraft:sweet_berries":8,"minecraft:furnace":3,"minecraft:cooked_porkchop":1,"minecraft:andesite":16,"minecraft:cooked_beef":8,"minecraft:cobbled_deepslate":1,"minecraft:iron_leggings":1},"minecraft:crafted":{"minecraft:cooked_beef":14,"minecraft:crafting_table":1,"minecraft:spruce_planks":20,"minecraft:wooden_pickaxe":1,"minecraft:iron_helmet":1,"minecraft:iron_sword":1,"minecraft:furnace":2,"minecraft:stone_axe":1,"minecraft:cooked_mutton":5,"minecraft:iron_boots":1,"minecraft:iron_chestplate":1,"minecraft:stick":16,"minecraft:iron_ingot":79,"minecraft:iron_pickaxe":1,"minecraft:stone_pickaxe":1,"minecraft:wooden_axe":1,"minecraft:stone_sword":1,"minecraft:iron_leggings":1,"minecraft:torch":8},"minecraft:mined":{"minecraft:deepslate_diamond_ore":2,"minecraft:sculk_vein":3,"minecraft:crafting_table":3,"minecraft:torch":1,"minecraft:short_grass":15,"minecraft:blast_furnace":1,"minecraft:deepslate_bricks":3,"minecraft:spruce_leaves":4,"minecraft:deepslate_gold_ore":10,"minecraft:oxeye_daisy":1,"minecraft:wall_torch":5,"minecraft:large_fern":4,"minecraft:furnace":1,"minecraft:iron_ore":66,"minecraft:sweet_berry_bush":3,"minecraft:spruce_log":5,"minecraft:andesite":16,"minecraft:sculk_shrieker":1,"minecraft:coal_ore":19,"minecraft:gravel":1,"minecraft:stone":60,"minecraft:gold_ore":3,"minecraft:deepslate":4},"minecraft:broken":{"minecraft:stone_pickaxe":1,"minecraft:wooden_axe":1},"minecraft:killed":{"minecraft:pig":1,"minecraft:spider":1,"minecraft:sheep":3,"minecraft:skeleton":1,"minecraft:zombie":4,"minecraft:chicken":1,"minecraft:cow":4},"minecraft:custom":{"minecraft:interact_with_furnace":16,"minecraft:mob_kills":15,"minecraft:interact_with_crafting_table":9,"minecraft:leave_game":3,"minecraft:time_since_death":26678,"minecraft:sleep_in_bed":2,"minecraft:climb_one_cm":2329,"minecraft:time_since_rest":26753,"minecraft:sprint_one_cm":166148,"minecraft:damage_taken":1479,"minecraft:walk_one_cm":168338,"minecraft:drop":9,"minecraft:damage_dealt":2096,"minecraft:swim_one_cm":8934,"minecraft:fly_one_cm":172286,"minecraft:open_chest":8,"minecraft:crouch_one_cm":71391,"minecraft:play_time":88614,"minecraft:deaths":1,"minecraft:sneak_time":18034,"minecraft:walk_under_water_one_cm":2174,"minecraft:jump":1349,"minecraft:interact_with_blast_furnace":32,"minecraft:walk_on_water_one_cm":17099,"minecraft:total_world_time":88614,"minecraft:interact_with_smoker":8,"minecraft:fall_one_cm":38820},"minecraft:picked_up":{"minecraft:crafting_table":2,"minecraft:iron_chestplate":1,"minecraft:feather":1,"minecraft:cooked_beef":7,"minecraft:chicken":1,"minecraft:andesite":21,"minecraft:leather":6,"minecraft:wooden_pickaxe":2,"minecraft:flint":1,"minecraft:iron_leggings":2,"minecraft:wheat_seeds":3,"minecraft:cobbled_deepslate":2,"minecraft:raw_gold":13,"minecraft:iron_ingot":7,"minecraft:beef":9,"minecraft:stone_pickaxe":1,"minecraft:iron_pickaxe":2,"minecraft:iron_sword":1,"minecraft:iron_boots":1,"minecraft:furnace":1,"minecraft:raw_iron":97,"minecraft:cooked_porkchop":1,"minecraft:sweet_berries":8,"minecraft:torch":11,"minecraft:porkchop":1,"minecraft:pointed_dripstone":2,"minecraft:blast_furnace":1,"minecraft:white_bed":2,"minecraft:spruce_log":5,"minecraft:sculk_sensor":2,"minecraft:stone_sword":1,"minecraft:arrow":2,"minecraft:rotten_flesh":4,"minecraft:diamond":2,"minecraft:stone_axe":1,"minecraft:deepslate_bricks":3,"minecraft:iron_helmet":1,"minecraft:mutton":5,"minecraft:coal":108,"minecraft:white_wool":3,"minecraft:cobblestone":60}},"DataVersion":3953}