{"stats":{"minecraft:dropped":{"minecraft:wooden_pickaxe":1},"minecraft:used":{"minecraft:wooden_axe":15,"minecraft:crafting_table":1,"minecraft:stone_pickaxe":3,"minecraft:wooden_pickaxe":7},"minecraft:crafted":{"minecraft:crafting_table":1,"minecraft:spruce_planks":20,"minecraft:stick":16,"minecraft:wooden_pickaxe":1,"minecraft:stone_pickaxe":1,"minecraft:wooden_axe":1},"minecraft:mined":{"minecraft:large_fern":1,"minecraft:short_grass":5,"minecraft:iron_ore":1,"minecraft:spruce_leaves":4,"minecraft:spruce_log":5,"minecraft:stone":8,"minecraft:oxeye_daisy":1,"minecraft:crafting_table":1},"minecraft:killed":{"minecraft:pig":1},"minecraft:custom":{"minecraft:time_since_rest":6665,"minecraft:play_time":6665,"minecraft:sprint_one_cm":16151,"minecraft:walk_one_cm":7663,"minecraft:mob_kills":1,"minecraft:drop":1,"minecraft:jump":138,"minecraft:damage_dealt":121,"minecraft:time_since_death":6665,"minecraft:walk_on_water_one_cm":208,"minecraft:total_world_time":6665,"minecraft:interact_with_crafting_table":2,"minecraft:fall_one_cm":3042,"minecraft:fly_one_cm":32524},"minecraft:picked_up":{"minecraft:raw_iron":1,"minecraft:crafting_table":1,"minecraft:wooden_pickaxe":1,"minecraft:porkchop":1,"minecraft:spruce_log":5,"minecraft:cobblestone":8}},"DataVersion":3953}