{"stats":{"minecraft:dropped":{"minecraft:wheat_seeds":3,"minecraft:andesite":1,"minecraft:stone_pickaxe":1,"minecraft:wooden_pickaxe":1},"minecraft:used":{"minecraft:cooked_mutton":5,"minecraft:wooden_axe":38,"minecraft:stone_sword":53,"minecraft:stone_pickaxe":99,"minecraft:wooden_pickaxe":28,"minecraft:stone_axe":1,"minecraft:torch":1,"minecraft:cobblestone":5,"minecraft:sweet_berries":8,"minecraft:crafting_table":2,"minecraft:furnace":1,"minecraft:andesite":16},"minecraft:crafted":{"minecraft:crafting_table":1,"minecraft:spruce_planks":20,"minecraft:stick":16,"minecraft:wooden_pickaxe":1,"minecraft:stone_pickaxe":1,"minecraft:wooden_axe":1,"minecraft:stone_sword":1,"minecraft:furnace":1,"minecraft:torch":8,"minecraft:stone_axe":1,"minecraft:cooked_mutton":5},"minecraft:mined":{"minecraft:large_fern":4,"minecraft:furnace":1,"minecraft:iron_ore":35,"minecraft:sweet_berry_bush":3,"minecraft:spruce_log":5,"minecraft:andesite":16,"minecraft:crafting_table":2,"minecraft:short_grass":15,"minecraft:coal_ore":19,"minecraft:gravel":1,"minecraft:spruce_leaves":4,"minecraft:stone":38,"minecraft:oxeye_daisy":1},"minecraft:broken":{"minecraft:wooden_axe":1},"minecraft:killed":{"minecraft:skeleton":1,"minecraft:sheep":3,"minecraft:zombie":1,"minecraft:pig":1,"minecraft:chicken":1,"minecraft:spider":1,"minecraft:cow":4},"minecraft:custom":{"minecraft:time_since_rest":30665,"minecraft:interact_with_furnace":5,"minecraft:sprint_one_cm":77795,"minecraft:damage_taken":440,"minecraft:walk_one_cm":58703,"minecraft:mob_kills":12,"minecraft:drop":5,"minecraft:damage_dealt":1345,"minecraft:swim_one_cm":2692,"minecraft:interact_with_crafting_table":4,"minecraft:fly_one_cm":101914,"minecraft:crouch_one_cm":3601,"minecraft:play_time":30665,"minecraft:sneak_time":1325,"minecraft:walk_under_water_one_cm":634,"minecraft:jump":689,"minecraft:walk_on_water_one_cm":8680,"minecraft:time_since_death":30665,"minecraft:total_world_time":30665,"minecraft:fall_one_cm":19409},"minecraft:picked_up":{"minecraft:crafting_table":2,"minecraft:raw_iron":35,"minecraft:feather":1,"minecraft:chicken":1,"minecraft:cooked_porkchop":1,"minecraft:sweet_berries":8,"minecraft:andesite":17,"minecraft:leather":6,"minecraft:wooden_pickaxe":1,"minecraft:porkchop":1,"minecraft:flint":1,"minecraft:pointed_dripstone":2,"minecraft:spruce_log":5,"minecraft:arrow":2,"minecraft:rotten_flesh":1,"minecraft:wheat_seeds":3,"minecraft:beef":9,"minecraft:stone_pickaxe":1,"minecraft:mutton":5,"minecraft:coal":36,"minecraft:white_wool":3,"minecraft:cobblestone":38,"minecraft:furnace":1}},"DataVersion":3953}