{"stats":{"minecraft:picked_up":{"minecraft:crafting_table":4,"minecraft:raw_iron":31,"minecraft:coarse_dirt":1,"minecraft:sweet_berries":126,"minecraft:andesite":4,"minecraft:torch":12,"minecraft:dandelion":2,"minecraft:porkchop":3,"minecraft:spruce_log":17,"minecraft:spruce_door":3,"minecraft:dirt":6,"minecraft:moss_carpet":1,"minecraft:wheat_seeds":6,"minecraft:spruce_planks":2,"minecraft:spruce_wood":13,"minecraft:mangrove_roots":1,"minecraft:yellow_terracotta":1,"minecraft:moss_block":3,"minecraft:coal":40,"minecraft:cobblestone":17},"minecraft:mined":{"minecraft:yellow_terracotta":1,"minecraft:large_fern":3,"minecraft:coarse_dirt":1,"minecraft:iron_ore":31,"minecraft:sweet_berry_bush":59,"minecraft:spruce_log":18,"minecraft:dandelion":2,"minecraft:andesite":4,"minecraft:spruce_door":2,"minecraft:crafting_table":5,"minecraft:torch":1,"minecraft:short_grass":17,"minecraft:grass_block":3,"minecraft:coal_ore":38,"minecraft:dirt":3,"minecraft:spruce_wood":13,"minecraft:spruce_leaves":6,"minecraft:stone":17,"minecraft:moss_block":3,"minecraft:fern":10},"minecraft:killed_by":{"minecraft:skeleton":2,"minecraft:creeper":1},"minecraft:killed":{"minecraft:zombie":1,"minecraft:pig":1},"minecraft:broken":{"minecraft:wooden_sword":1},"minecraft:crafted":{"minecraft:wooden_sword":1,"minecraft:crafting_table":5,"minecraft:spruce_planks":120,"minecraft:stick":36,"minecraft:wooden_pickaxe":2,"minecraft:stone_pickaxe":2,"minecraft:spruce_door":6,"minecraft:torch":48},"minecraft:custom":{"minecraft:time_since_rest":20531,"minecraft:sprint_one_cm":145856,"minecraft:damage_taken":1943,"minecraft:walk_one_cm":109697,"minecraft:mob_kills":2,"minecraft:drop":10,"minecraft:damage_dealt":693,"minecraft:swim_one_cm":60707,"minecraft:interact_with_crafting_table":9,"minecraft:fly_one_cm":175705,"minecraft:crouch_one_cm":173,"minecraft:play_time":100729,"minecraft:deaths":4,"minecraft:sneak_time":166,"minecraft:walk_under_water_one_cm":23177,"minecraft:jump":1163,"minecraft:leave_game":1,"minecraft:time_since_death":11212,"minecraft:walk_on_water_one_cm":25580,"minecraft:total_world_time":100729,"minecraft:climb_one_cm":220,"minecraft:fall_one_cm":27406},"minecraft:dropped":{"minecraft:moss_carpet":1,"minecraft:wheat_seeds":6,"minecraft:spruce_planks":2,"minecraft:dandelion":1},"minecraft:used":{"minecraft:moss_block":3,"minecraft:spruce_door":5,"minecraft:stone_pickaxe":91,"minecraft:spruce_planks":1,"minecraft:wooden_pickaxe":29,"minecraft:torch":24,"minecraft:wooden_sword":68,"minecraft:dirt":6,"minecraft:cobblestone":2,"minecraft:yellow_terracotta":1,"minecraft:sweet_berries":95,"minecraft:crafting_table":7,"minecraft:andesite":3,"minecraft:coarse_dirt":1}},"DataVersion":3953}