{"stats":{"minecraft:crafted":{"minecraft:wooden_sword":1,"minecraft:crafting_table":4,"minecraft:spruce_planks":76,"minecraft:stick":24,"minecraft:wooden_pickaxe":1,"minecraft:stone_pickaxe":1,"minecraft:spruce_door":3,"minecraft:torch":32},"minecraft:dropped":{"minecraft:wheat_seeds":6,"minecraft:spruce_planks":2,"minecraft:dandelion":1},"minecraft:picked_up":{"minecraft:raw_iron":28,"minecraft:crafting_table":3,"minecraft:coarse_dirt":1,"minecraft:sweet_berries":111,"minecraft:andesite":4,"minecraft:torch":12,"minecraft:dandelion":2,"minecraft:porkchop":3,"minecraft:spruce_log":12,"minecraft:spruce_door":2,"minecraft:dirt":6,"minecraft:wheat_seeds":6,"minecraft:spruce_planks":2,"minecraft:spruce_wood":7,"minecraft:yellow_terracotta":1,"minecraft:moss_block":3,"minecraft:coal":36,"minecraft:cobblestone":14},"minecraft:broken":{"minecraft:wooden_sword":1},"minecraft:killed":{"minecraft:zombie":1,"minecraft:pig":1},"minecraft:mined":{"minecraft:yellow_terracotta":1,"minecraft:large_fern":3,"minecraft:coarse_dirt":1,"minecraft:iron_ore":29,"minecraft:sweet_berry_bush":53,"minecraft:spruce_log":12,"minecraft:spruce_door":2,"minecraft:andesite":4,"minecraft:dandelion":2,"minecraft:torch":1,"minecraft:crafting_table":3,"minecraft:short_grass":16,"minecraft:grass_block":3,"minecraft:coal_ore":36,"minecraft:dirt":3,"minecraft:spruce_wood":7,"minecraft:spruce_leaves":6,"minecraft:stone":14,"minecraft:moss_block":3,"minecraft:fern":10},"minecraft:killed_by":{"minecraft:skeleton":2,"minecraft:creeper":1},"minecraft:used":{"minecraft:moss_block":3,"minecraft:spruce_door":3,"minecraft:stone_pickaxe":79,"minecraft:wooden_pickaxe":23,"minecraft:torch":24,"minecraft:wooden_sword":68,"minecraft:dirt":6,"minecraft:cobblestone":2,"minecraft:yellow_terracotta":1,"minecraft:sweet_berries":86,"minecraft:crafting_table":5,"minecraft:andesite":3,"minecraft:coarse_dirt":1},"minecraft:custom":{"minecraft:time_since_rest":1594,"minecraft:sprint_one_cm":129055,"minecraft:damage_taken":1752,"minecraft:walk_one_cm":91845,"minecraft:mob_kills":2,"minecraft:drop":9,"minecraft:damage_dealt":640,"minecraft:interact_with_crafting_table":5,"minecraft:swim_one_cm":36247,"minecraft:fly_one_cm":157577,"minecraft:play_time":81792,"minecraft:deaths":4,"minecraft:sneak_time":30,"minecraft:walk_under_water_one_cm":13871,"minecraft:jump":1050,"minecraft:time_since_death":0,"minecraft:walk_on_water_one_cm":19862,"minecraft:climb_one_cm":220,"minecraft:total_world_time":81792,"minecraft:fall_one_cm":25558}},"DataVersion":3953}