{"stats":{"minecraft:crafted":{"minecraft:wooden_sword":1,"minecraft:crafting_table":1,"minecraft:spruce_planks":40,"minecraft:stick":20,"minecraft:wooden_pickaxe":1,"minecraft:stone_pickaxe":1,"minecraft:torch":32},"minecraft:dropped":{"minecraft:wheat_seeds":4,"minecraft:dandelion":1},"minecraft:picked_up":{"minecraft:raw_iron":3,"minecraft:crafting_table":2,"minecraft:coarse_dirt":1,"minecraft:sweet_berries":69,"minecraft:andesite":3,"minecraft:dandelion":2,"minecraft:porkchop":3,"minecraft:spruce_log":7,"minecraft:dirt":6,"minecraft:wheat_seeds":4,"minecraft:spruce_wood":3,"minecraft:yellow_terracotta":1,"minecraft:moss_block":3,"minecraft:coal":17,"minecraft:cobblestone":13},"minecraft:killed":{"minecraft:pig":1},"minecraft:mined":{"minecraft:yellow_terracotta":1,"minecraft:large_fern":2,"minecraft:coarse_dirt":1,"minecraft:iron_ore":3,"minecraft:sweet_berry_bush":33,"minecraft:spruce_log":7,"minecraft:andesite":3,"minecraft:dandelion":2,"minecraft:crafting_table":2,"minecraft:short_grass":13,"minecraft:grass_block":3,"minecraft:coal_ore":21,"minecraft:dirt":3,"minecraft:spruce_wood":3,"minecraft:spruce_leaves":5,"minecraft:stone":13,"minecraft:moss_block":3,"minecraft:fern":5},"minecraft:used":{"minecraft:moss_block":3,"minecraft:stone_pickaxe":27,"minecraft:wooden_pickaxe":23,"minecraft:torch":2,"minecraft:wooden_sword":18,"minecraft:dirt":6,"minecraft:yellow_terracotta":1,"minecraft:sweet_berries":59,"minecraft:crafting_table":2,"minecraft:andesite":3,"minecraft:coarse_dirt":1},"minecraft:custom":{"minecraft:time_since_rest":39792,"minecraft:sprint_one_cm":65150,"minecraft:damage_taken":573,"minecraft:walk_one_cm":45849,"minecraft:mob_kills":1,"minecraft:drop":5,"minecraft:damage_dealt":142,"minecraft:interact_with_crafting_table":2,"minecraft:swim_one_cm":4627,"minecraft:fly_one_cm":59265,"minecraft:play_time":39792,"minecraft:sneak_time":30,"minecraft:walk_under_water_one_cm":751,"minecraft:jump":492,"minecraft:time_since_death":39792,"minecraft:walk_on_water_one_cm":4851,"minecraft:climb_one_cm":212,"minecraft:total_world_time":39792,"minecraft:fall_one_cm":9242}},"DataVersion":3953}