{"stats":{"minecraft:picked_up":{"minecraft:iron_chestplate":2,"minecraft:crafting_table":7,"minecraft:coarse_dirt":56,"minecraft:chicken":12,"minecraft:wooden_pickaxe":1,"minecraft:string":53,"minecraft:moss_carpet":1,"minecraft:iron_axe":2,"minecraft:iron_leggings":2,"minecraft:cobbled_deepslate":13,"minecraft:detector_rail":7,"minecraft:netherite_sword":1,"minecraft:spruce_planks":45,"minecraft:beef":6,"minecraft:calcite":1,"minecraft:ender_eye":1,"minecraft:iron_pickaxe":2,"minecraft:egg":14,"minecraft:iron_boots":2,"minecraft:raw_iron":79,"minecraft:stick":4,"minecraft:end_stone":16,"minecraft:torch":67,"minecraft:porkchop":7,"minecraft:redstone":14,"minecraft:gray_shulker_box":1,"minecraft:iron_horse_armor":1,"minecraft:tnt":126,"minecraft:arrow":9,"minecraft:rotten_flesh":11,"minecraft:yellow_terracotta":1,"minecraft:totem_of_undying":1,"minecraft:mangrove_roots":1,"minecraft:gold_ingot":1,"minecraft:netherite_chestplate":1,"minecraft:glow_berries":12,"minecraft:rail":39,"minecraft:cobblestone":36,"minecraft:enchanting_table":1,"minecraft:feather":4,"minecraft:andesite":6,"minecraft:glow_ink_sac":10,"minecraft:salmon":2,"minecraft:leather":10,"minecraft:tuff":2,"minecraft:gunpowder":2,"minecraft:netherite_leggings":1,"minecraft:lapis_lazuli":10,"minecraft:dirt":15,"minecraft:name_tag":3,"minecraft:bone":15,"minecraft:bow":2,"minecraft:wheat_seeds":10,"minecraft:raw_gold":41,"minecraft:spruce_wood":13,"minecraft:iron_ingot":6,"minecraft:stone_pickaxe":1,"minecraft:netherite_axe":1,"minecraft:powered_rail":6,"minecraft:moss_block":6,"minecraft:iron_sword":3,"minecraft:cooked_porkchop":70,"minecraft:sweet_berries":147,"minecraft:dandelion":2,"minecraft:gravel":6,"minecraft:spruce_sapling":1,"minecraft:spruce_log":23,"minecraft:spruce_door":3,"minecraft:diamond":9,"minecraft:netherite_helmet":1,"minecraft:iron_helmet":2,"minecraft:golden_apple":4,"minecraft:melon_seeds":11,"minecraft:coal":57,"minecraft:ender_pearl":2},"minecraft:mined":{"minecraft:yellow_terracotta":1,"minecraft:deepslate_diamond_ore":3,"minecraft:grass_block":3,"minecraft:spruce_leaves":8,"minecraft:moss_block":3,"minecraft:spawner":2,"minecraft:large_fern":13,"minecraft:fire":4,"minecraft:iron_ore":34,"minecraft:cobbled_deepslate":1,"minecraft:andesite":4,"minecraft:deepslate_lapis_ore":1,"minecraft:deepslate_iron_ore":7,"minecraft:spruce_wood":13,"minecraft:stone":20,"minecraft:podzol":1,"minecraft:dandelion":2,"minecraft:spruce_door":2,"minecraft:crafting_table":7,"minecraft:torch":6,"minecraft:short_grass":49,"minecraft:deepslate_gold_ore":7,"minecraft:wall_torch":5,"minecraft:coarse_dirt":1,"minecraft:sweet_berry_bush":61,"minecraft:spruce_log":25,"minecraft:tnt":8,"minecraft:coal_ore":38,"minecraft:dirt":3,"minecraft:cobweb":22,"minecraft:gold_ore":3,"minecraft:deepslate":8,"minecraft:fern":17},"minecraft:killed_by":{"minecraft:player":4,"minecraft:creeper":2,"minecraft:spider":1,"minecraft:skeleton":3,"minecraft:zombie":2},"minecraft:killed":{"minecraft:cave_spider":1,"minecraft:spider":1,"minecraft:skeleton":5,"minecraft:chicken":4,"minecraft:pig":2,"minecraft:creeper":1,"minecraft:zombie":11,"minecraft:cow":2},"minecraft:broken":{"minecraft:wooden_sword":1,"minecraft:iron_sword":2,"minecraft:netherite_leggings":1,"minecraft:netherite_boots":1},"minecraft:crafted":{"minecraft:wooden_sword":1,"minecraft:stone_pickaxe":2,"minecraft:crafting_table":6,"minecraft:spruce_planks":144,"minecraft:wooden_pickaxe":2,"minecraft:spruce_door":6,"minecraft:stick":36,"minecraft:torch":48},"minecraft:custom":{"minecraft:mob_kills":28,"minecraft:interact_with_crafting_table":11,"minecraft:time_since_death":21252,"minecraft:leave_game":1,"minecraft:climb_one_cm":1960,"minecraft:damage_resisted":1534,"minecraft:sprint_one_cm":400873,"minecraft:walk_one_cm":363061,"minecraft:drop":110,"minecraft:play_time":226729,"minecraft:deaths":14,"minecraft:sneak_time":756,"minecraft:walk_under_water_one_cm":31041,"minecraft:jump":2681,"minecraft:walk_on_water_one_cm":50866,"minecraft:total_world_time":226729,"minecraft:time_since_rest":24117,"minecraft:damage_taken":8119,"minecraft:damage_absorbed":3089,"minecraft:damage_dealt":6513,"minecraft:swim_one_cm":70571,"minecraft:fly_one_cm":527503,"minecraft:open_chest":9,"minecraft:crouch_one_cm":2952,"minecraft:fall_one_cm":65576},"minecraft:dropped":{"minecraft:wheat_seeds":6,"minecraft:tnt":8,"minecraft:netherite_chestplate":1,"minecraft:netherite_helmet":1,"minecraft:cobblestone":13,"minecraft:cod":64,"minecraft:dirt":3,"minecraft:netherite_boots":1,"minecraft:dandelion":1,"minecraft:bone":3,"minecraft:gravel":2,"minecraft:moss_carpet":1,"minecraft:sweet_berries":19,"minecraft:coarse_dirt":7,"minecraft:netherite_sword":1,"minecraft:chicken":1,"minecraft:rotten_flesh":4,"minecraft:end_stone":16,"minecraft:totem_of_undying":1,"minecraft:netherite_leggings":1,"minecraft:shield":1,"minecraft:gunpowder":2,"minecraft:spruce_planks":5,"minecraft:gray_shulker_box":1,"minecraft:calcite":1,"minecraft:enchanting_table":1,"minecraft:egg":8},"minecraft:used":{"minecraft:moss_block":3,"minecraft:netherite_sword":602,"minecraft:spruce_planks":5,"minecraft:iron_sword":234,"minecraft:rotten_flesh":10,"minecraft:iron_chestplate":1,"minecraft:torch":44,"minecraft:dirt":6,"minecraft:tuff":2,"minecraft:iron_axe":27,"minecraft:iron_helmet":1,"minecraft:iron_boots":1,"minecraft:totem_of_undying":2,"minecraft:netherite_boots":2,"minecraft:sweet_berries":103,"minecraft:mangrove_roots":1,"minecraft:cobbled_deepslate":8,"minecraft:enchanted_golden_apple":20,"minecraft:spruce_door":7,"minecraft:stone_pickaxe":91,"minecraft:netherite_chestplate":2,"minecraft:wooden_pickaxe":29,"minecraft:golden_apple":3,"minecraft:yellow_terracotta":1,"minecraft:netherite_leggings":2,"minecraft:tnt":103,"minecraft:crafting_table":9,"minecraft:netherite_helmet":2,"minecraft:chicken":4,"minecraft:iron_pickaxe":43,"minecraft:wooden_sword":68,"minecraft:cobblestone":5,"minecraft:cooked_porkchop":6,"minecraft:porkchop":2,"minecraft:andesite":3,"minecraft:coarse_dirt":1}},"DataVersion":3953}