{"stats":{"minecraft:dropped":{"minecraft:wheat_seeds":3,"minecraft:cooked_beef":1,"minecraft:pointed_dripstone":2,"minecraft:andesite":1,"minecraft:stone_pickaxe":1,"minecraft:wooden_pickaxe":1},"minecraft:used":{"minecraft:cooked_mutton":5,"minecraft:stone_sword":70,"minecraft:stone_pickaxe":132,"minecraft:wooden_pickaxe":28,"minecraft:torch":2,"minecraft:crafting_table":3,"minecraft:white_bed":1,"minecraft:wooden_axe":38,"minecraft:iron_pickaxe":9,"minecraft:stone_axe":2,"minecraft:cobblestone":6,"minecraft:sweet_berries":8,"minecraft:furnace":2,"minecraft:cooked_porkchop":1,"minecraft:andesite":16,"minecraft:cooked_beef":1},"minecraft:crafted":{"minecraft:cooked_beef":14,"minecraft:crafting_table":1,"minecraft:spruce_planks":20,"minecraft:wooden_pickaxe":1,"minecraft:furnace":1,"minecraft:stone_axe":1,"minecraft:cooked_mutton":5,"minecraft:stick":16,"minecraft:iron_ingot":3,"minecraft:iron_pickaxe":1,"minecraft:stone_pickaxe":1,"minecraft:wooden_axe":1,"minecraft:stone_sword":1,"minecraft:torch":8},"minecraft:mined":{"minecraft:crafting_table":3,"minecraft:short_grass":15,"minecraft:blast_furnace":1,"minecraft:spruce_leaves":4,"minecraft:oxeye_daisy":1,"minecraft:wall_torch":1,"minecraft:large_fern":4,"minecraft:furnace":1,"minecraft:iron_ore":64,"minecraft:sweet_berry_bush":3,"minecraft:spruce_log":5,"minecraft:andesite":16,"minecraft:coal_ore":19,"minecraft:gravel":1,"minecraft:stone":44,"minecraft:gold_ore":3},"minecraft:broken":{"minecraft:stone_pickaxe":1,"minecraft:wooden_axe":1},"minecraft:killed":{"minecraft:pig":1,"minecraft:spider":1,"minecraft:sheep":3,"minecraft:skeleton":1,"minecraft:zombie":2,"minecraft:chicken":1,"minecraft:cow":4},"minecraft:custom":{"minecraft:interact_with_furnace":10,"minecraft:mob_kills":13,"minecraft:interact_with_crafting_table":6,"minecraft:time_since_death":42665,"minecraft:sleep_in_bed":1,"minecraft:time_since_rest":10233,"minecraft:sprint_one_cm":100759,"minecraft:damage_taken":570,"minecraft:walk_one_cm":86485,"minecraft:drop":7,"minecraft:damage_dealt":1562,"minecraft:swim_one_cm":8934,"minecraft:fly_one_cm":119103,"minecraft:crouch_one_cm":3986,"minecraft:play_time":42665,"minecraft:sneak_time":1427,"minecraft:walk_under_water_one_cm":2174,"minecraft:jump":856,"minecraft:interact_with_blast_furnace":9,"minecraft:walk_on_water_one_cm":14406,"minecraft:total_world_time":42665,"minecraft:interact_with_smoker":7,"minecraft:fall_one_cm":23839},"minecraft:picked_up":{"minecraft:crafting_table":2,"minecraft:feather":1,"minecraft:chicken":1,"minecraft:andesite":17,"minecraft:leather":6,"minecraft:wooden_pickaxe":1,"minecraft:flint":1,"minecraft:wheat_seeds":3,"minecraft:raw_gold":3,"minecraft:iron_ingot":7,"minecraft:beef":9,"minecraft:stone_pickaxe":1,"minecraft:furnace":1,"minecraft:raw_iron":95,"minecraft:cooked_porkchop":1,"minecraft:sweet_berries":8,"minecraft:torch":1,"minecraft:porkchop":1,"minecraft:blast_furnace":1,"minecraft:pointed_dripstone":2,"minecraft:white_bed":2,"minecraft:spruce_log":5,"minecraft:arrow":2,"minecraft:rotten_flesh":1,"minecraft:mutton":5,"minecraft:coal":72,"minecraft:white_wool":3,"minecraft:cobblestone":44}},"DataVersion":3953}