{"stats":{"minecraft:picked_up":{"minecraft:coarse_dirt":1,"minecraft:crafting_table":4,"minecraft:iron_chestplate":1,"minecraft:feather":2,"minecraft:chicken":4,"minecraft:andesite":4,"minecraft:leather":4,"minecraft:lapis_lazuli":5,"minecraft:dirt":6,"minecraft:moss_carpet":1,"minecraft:iron_axe":1,"minecraft:iron_leggings":1,"minecraft:wheat_seeds":6,"minecraft:cobbled_deepslate":4,"minecraft:raw_gold":10,"minecraft:spruce_planks":2,"minecraft:spruce_wood":13,"minecraft:beef":3,"minecraft:iron_pickaxe":1,"minecraft:moss_block":3,"minecraft:iron_sword":1,"minecraft:iron_boots":1,"minecraft:egg":3,"minecraft:raw_iron":49,"minecraft:cooked_porkchop":5,"minecraft:sweet_berries":126,"minecraft:torch":13,"minecraft:dandelion":2,"minecraft:porkchop":5,"minecraft:spruce_log":23,"minecraft:spruce_door":3,"minecraft:rotten_flesh":2,"minecraft:diamond":3,"minecraft:iron_helmet":1,"minecraft:yellow_terracotta":1,"minecraft:mangrove_roots":1,"minecraft:coal":40,"minecraft:cobblestone":20},"minecraft:mined":{"minecraft:yellow_terracotta":1,"minecraft:deepslate_diamond_ore":1,"minecraft:spruce_door":2,"minecraft:dandelion":2,"minecraft:crafting_table":5,"minecraft:torch":2,"minecraft:short_grass":21,"minecraft:grass_block":3,"minecraft:spruce_leaves":6,"minecraft:deepslate_gold_ore":1,"minecraft:moss_block":3,"minecraft:large_fern":3,"minecraft:coarse_dirt":1,"minecraft:iron_ore":34,"minecraft:sweet_berry_bush":59,"minecraft:spruce_log":25,"minecraft:andesite":4,"minecraft:deepslate_lapis_ore":1,"minecraft:coal_ore":38,"minecraft:deepslate_iron_ore":4,"minecraft:dirt":3,"minecraft:spruce_wood":13,"minecraft:stone":20,"minecraft:gold_ore":3,"minecraft:deepslate":3,"minecraft:fern":10},"minecraft:killed_by":{"minecraft:skeleton":2,"minecraft:creeper":1},"minecraft:killed":{"minecraft:pig":2,"minecraft:creeper":1,"minecraft:skeleton":1,"minecraft:zombie":6,"minecraft:chicken":4,"minecraft:cow":2},"minecraft:broken":{"minecraft:wooden_sword":1},"minecraft:crafted":{"minecraft:wooden_sword":1,"minecraft:crafting_table":5,"minecraft:spruce_planks":144,"minecraft:wooden_pickaxe":2,"minecraft:spruce_door":6,"minecraft:stick":36,"minecraft:stone_pickaxe":2,"minecraft:torch":48},"minecraft:custom":{"minecraft:mob_kills":16,"minecraft:interact_with_crafting_table":9,"minecraft:leave_game":1,"minecraft:time_since_death":29212,"minecraft:climb_one_cm":1960,"minecraft:time_since_rest":38531,"minecraft:sprint_one_cm":223808,"minecraft:damage_taken":2118,"minecraft:walk_one_cm":160679,"minecraft:drop":10,"minecraft:damage_dealt":2455,"minecraft:swim_one_cm":62768,"minecraft:fly_one_cm":234578,"minecraft:crouch_one_cm":2040,"minecraft:play_time":118729,"minecraft:deaths":4,"minecraft:sneak_time":574,"minecraft:walk_under_water_one_cm":24150,"minecraft:jump":1459,"minecraft:walk_on_water_one_cm":30953,"minecraft:total_world_time":118729,"minecraft:fall_one_cm":35280},"minecraft:dropped":{"minecraft:moss_carpet":1,"minecraft:wheat_seeds":6,"minecraft:spruce_planks":2,"minecraft:dandelion":1},"minecraft:used":{"minecraft:moss_block":3,"minecraft:spruce_door":5,"minecraft:stone_pickaxe":91,"minecraft:spruce_planks":5,"minecraft:wooden_pickaxe":29,"minecraft:iron_sword":111,"minecraft:iron_chestplate":1,"minecraft:torch":35,"minecraft:dirt":6,"minecraft:yellow_terracotta":1,"minecraft:crafting_table":7,"minecraft:iron_axe":7,"minecraft:iron_pickaxe":20,"minecraft:iron_helmet":1,"minecraft:iron_boots":1,"minecraft:wooden_sword":68,"minecraft:cobblestone":2,"minecraft:sweet_berries":101,"minecraft:mangrove_roots":1,"minecraft:cooked_porkchop":3,"minecraft:andesite":3,"minecraft:coarse_dirt":1}},"DataVersion":3953}