{"stats":{"minecraft:picked_up":{"minecraft:coarse_dirt":1,"minecraft:crafting_table":7,"minecraft:iron_chestplate":2,"minecraft:feather":4,"minecraft:chicken":8,"minecraft:andesite":4,"minecraft:leather":8,"minecraft:wooden_pickaxe":1,"minecraft:lapis_lazuli":10,"minecraft:string":52,"minecraft:dirt":6,"minecraft:moss_carpet":1,"minecraft:iron_axe":2,"minecraft:iron_leggings":2,"minecraft:bone":12,"minecraft:bow":2,"minecraft:wheat_seeds":6,"minecraft:cobbled_deepslate":12,"minecraft:raw_gold":41,"minecraft:spruce_planks":45,"minecraft:spruce_wood":13,"minecraft:beef":6,"minecraft:stone_pickaxe":1,"minecraft:iron_pickaxe":2,"minecraft:moss_block":3,"minecraft:iron_sword":3,"minecraft:iron_boots":2,"minecraft:egg":6,"minecraft:stick":4,"minecraft:raw_iron":79,"minecraft:cooked_porkchop":5,"minecraft:sweet_berries":126,"minecraft:torch":27,"minecraft:dandelion":2,"minecraft:porkchop":7,"minecraft:spruce_log":23,"minecraft:redstone":5,"minecraft:iron_horse_armor":1,"minecraft:spruce_door":3,"minecraft:arrow":6,"minecraft:rotten_flesh":7,"minecraft:diamond":7,"minecraft:iron_helmet":2,"minecraft:yellow_terracotta":1,"minecraft:golden_apple":2,"minecraft:mangrove_roots":1,"minecraft:coal":40,"minecraft:rail":3,"minecraft:cobblestone":23,"minecraft:ender_pearl":2},"minecraft:mined":{"minecraft:yellow_terracotta":1,"minecraft:deepslate_diamond_ore":2,"minecraft:spruce_door":2,"minecraft:dandelion":2,"minecraft:crafting_table":7,"minecraft:torch":4,"minecraft:short_grass":21,"minecraft:grass_block":3,"minecraft:spruce_leaves":6,"minecraft:deepslate_gold_ore":7,"minecraft:moss_block":3,"minecraft:wall_torch":5,"minecraft:spawner":2,"minecraft:large_fern":3,"minecraft:coarse_dirt":1,"minecraft:cobbled_deepslate":1,"minecraft:iron_ore":34,"minecraft:sweet_berry_bush":59,"minecraft:spruce_log":25,"minecraft:andesite":4,"minecraft:deepslate_lapis_ore":1,"minecraft:coal_ore":38,"minecraft:deepslate_iron_ore":7,"minecraft:dirt":3,"minecraft:cobweb":22,"minecraft:spruce_wood":13,"minecraft:stone":20,"minecraft:gold_ore":3,"minecraft:deepslate":6,"minecraft:fern":10},"minecraft:killed_by":{"minecraft:player":1,"minecraft:skeleton":2,"minecraft:creeper":1},"minecraft:killed":{"minecraft:cave_spider":1,"minecraft:pig":2,"minecraft:spider":1,"minecraft:creeper":1,"minecraft:skeleton":5,"minecraft:zombie":8,"minecraft:chicken":4,"minecraft:cow":2},"minecraft:broken":{"minecraft:wooden_sword":1,"minecraft:iron_sword":2},"minecraft:crafted":{"minecraft:wooden_sword":1,"minecraft:crafting_table":6,"minecraft:spruce_planks":144,"minecraft:wooden_pickaxe":2,"minecraft:spruce_door":6,"minecraft:stick":36,"minecraft:stone_pickaxe":2,"minecraft:torch":48},"minecraft:custom":{"minecraft:mob_kills":24,"minecraft:interact_with_crafting_table":11,"minecraft:leave_game":1,"minecraft:time_since_death":15950,"minecraft:climb_one_cm":1960,"minecraft:time_since_rest":16001,"minecraft:sprint_one_cm":302779,"minecraft:damage_taken":2933,"minecraft:walk_one_cm":234055,"minecraft:drop":13,"minecraft:damage_dealt":4602,"minecraft:swim_one_cm":62768,"minecraft:fly_one_cm":250775,"minecraft:open_chest":7,"minecraft:crouch_one_cm":2952,"minecraft:play_time":142729,"minecraft:deaths":5,"minecraft:sneak_time":756,"minecraft:walk_under_water_one_cm":24150,"minecraft:jump":1664,"minecraft:walk_on_water_one_cm":31709,"minecraft:total_world_time":142729,"minecraft:fall_one_cm":39419},"minecraft:dropped":{"minecraft:moss_carpet":1,"minecraft:wheat_seeds":6,"minecraft:spruce_planks":5,"minecraft:dandelion":1},"minecraft:used":{"minecraft:moss_block":3,"minecraft:spruce_door":7,"minecraft:stone_pickaxe":91,"minecraft:spruce_planks":5,"minecraft:wooden_pickaxe":29,"minecraft:iron_sword":234,"minecraft:rotten_flesh":8,"minecraft:iron_chestplate":1,"minecraft:torch":42,"minecraft:golden_apple":1,"minecraft:dirt":6,"minecraft:yellow_terracotta":1,"minecraft:crafting_table":9,"minecraft:chicken":4,"minecraft:iron_axe":27,"minecraft:iron_pickaxe":40,"minecraft:iron_helmet":1,"minecraft:iron_boots":1,"minecraft:wooden_sword":68,"minecraft:cobblestone":5,"minecraft:sweet_berries":101,"minecraft:mangrove_roots":1,"minecraft:porkchop":2,"minecraft:cooked_porkchop":5,"minecraft:andesite":3,"minecraft:cobbled_deepslate":8,"minecraft:coarse_dirt":1}},"DataVersion":3953}