{"stats":{"minecraft:dropped":{"minecraft:bread":3,"minecraft:porkchop":3,"minecraft:wheat_seeds":9,"minecraft:mossy_cobblestone":3,"minecraft:crafting_table":7,"minecraft:iron_helmet":1,"minecraft:feather":2,"minecraft:rail":1,"minecraft:spruce_leaves":27,"minecraft:dirt":2,"minecraft:wooden_axe":5,"minecraft:iron_leggings":1,"minecraft:iron_pickaxe":1,"minecraft:string":4,"minecraft:spruce_sapling":1,"minecraft:bone":1,"minecraft:sweet_berries":13,"minecraft:coarse_dirt":5,"minecraft:stone_sword":1,"minecraft:tuff":3,"minecraft:rotten_flesh":16,"minecraft:white_bed":1,"minecraft:spruce_planks":32,"minecraft:iron_chestplate":1,"minecraft:spider_eye":5,"minecraft:stone_pickaxe":2,"minecraft:wooden_pickaxe":1},"minecraft:custom":{"minecraft:mob_kills":42,"minecraft:interact_with_crafting_table":45,"minecraft:leave_game":2,"minecraft:time_since_death":143647,"minecraft:climb_one_cm":17611,"minecraft:sprint_one_cm":460828,"minecraft:walk_one_cm":187185,"minecraft:drop":97,"minecraft:play_time":143647,"minecraft:sneak_time":9178,"minecraft:walk_under_water_one_cm":7575,"minecraft:jump":1921,"minecraft:interact_with_blast_furnace":16,"minecraft:walk_on_water_one_cm":23177,"minecraft:total_world_time":143647,"minecraft:interact_with_furnace":31,"minecraft:sleep_in_bed":1,"minecraft:time_since_rest":59316,"minecraft:damage_taken":2764,"minecraft:damage_dealt":6674,"minecraft:swim_one_cm":19200,"minecraft:fly_one_cm":218766,"minecraft:open_chest":22,"minecraft:crouch_one_cm":24056,"minecraft:interact_with_smoker":3,"minecraft:fall_one_cm":35026},"minecraft:broken":{"minecraft:shears":1},"minecraft:picked_up":{"minecraft:wooden_axe":3,"minecraft:spruce_leaves":98,"minecraft:coarse_dirt":14,"minecraft:crafting_table":16,"minecraft:chicken":1,"minecraft:cornflower":1,"minecraft:string":66,"minecraft:diamond_leggings":1,"minecraft:cobbled_deepslate":98,"minecraft:spruce_planks":29,"minecraft:spruce_slab":5,"minecraft:chest":1,"minecraft:furnace":6,"minecraft:stick":2,"minecraft:raw_iron":34,"minecraft:oak_door":1,"minecraft:oak_fence":2,"minecraft:torch":39,"minecraft:spruce_stairs":1,"minecraft:porkchop":8,"minecraft:diamond_chestplate":1,"minecraft:arrow":6,"minecraft:rotten_flesh":19,"minecraft:mangrove_roots":1,"minecraft:saddle":1,"minecraft:glow_berries":3,"minecraft:mutton":4,"minecraft:rail":2,"minecraft:cobblestone":146,"minecraft:feather":2,"minecraft:tuff":54,"minecraft:oak_log":14,"minecraft:cobblestone_stairs":1,"minecraft:dirt":22,"minecraft:bone":2,"minecraft:wheat_seeds":10,"minecraft:raw_gold":17,"minecraft:iron_ingot":1,"minecraft:diamond_helmet":1,"minecraft:oak_planks":3,"minecraft:oak_slab":7,"minecraft:sweet_berries":238,"minecraft:sand":30,"minecraft:stripped_spruce_log":1,"minecraft:spruce_sapling":1,"minecraft:white_bed":1,"minecraft:spruce_log":138,"minecraft:spider_eye":9,"minecraft:mossy_cobblestone":4,"minecraft:oak_wood":6,"minecraft:pumpkin_seeds":4,"minecraft:granite":6,"minecraft:rooted_dirt":2,"minecraft:coal":83},"minecraft:crafted":{"minecraft:wooden_sword":1,"minecraft:oak_door":6,"minecraft:oak_planks":80,"minecraft:cooked_chicken":1,"minecraft:furnace":2,"minecraft:cobblestone_stairs":20,"minecraft:cooked_mutton":3,"minecraft:glass":30,"minecraft:spruce_stairs":8,"minecraft:bow":1,"minecraft:iron_axe":1,"minecraft:ladder":6,"minecraft:spruce_slab":12,"minecraft:stone_pickaxe":2,"minecraft:oak_fence":36,"minecraft:oak_slab":42,"minecraft:cooked_porkchop":5,"minecraft:crafting_table":6,"minecraft:spruce_planks":296,"minecraft:wooden_pickaxe":1,"minecraft:iron_helmet":1,"minecraft:iron_sword":2,"minecraft:air":0,"minecraft:iron_chestplate":1,"minecraft:stick":60,"minecraft:iron_ingot":31,"minecraft:iron_pickaxe":2,"minecraft:wooden_axe":2,"minecraft:stone_sword":1,"minecraft:iron_leggings":1,"minecraft:torch":4,"minecraft:shears":1},"minecraft:mined":{"minecraft:tuff":26,"minecraft:spruce_planks":30,"minecraft:white_bed":3,"minecraft:mossy_cobblestone":2,"minecraft:oak_door":1,"minecraft:cobblestone_stairs":1,"minecraft:mangrove_roots":1,"minecraft:glow_lichen":1,"minecraft:cave_vines_plant":2,"minecraft:granite":6,"minecraft:grass_block":1,"minecraft:spruce_leaves":300,"minecraft:rooted_dirt":2,"minecraft:spawner":1,"minecraft:large_fern":17,"minecraft:furnace":5,"minecraft:iron_ore":6,"minecraft:cobbled_deepslate":8,"minecraft:stripped_spruce_log":1,"minecraft:cave_vines":6,"minecraft:deepslate_iron_ore":27,"minecraft:stone":118,"minecraft:spruce_slab":5,"minecraft:podzol":3,"minecraft:oak_slab":5,"minecraft:oak_fence":2,"minecraft:cornflower":1,"minecraft:crafting_table":9,"minecraft:torch":11,"minecraft:short_grass":33,"minecraft:oak_wood":6,"minecraft:cobblestone":39,"minecraft:deepslate_gold_ore":11,"minecraft:oak_planks":3,"minecraft:wall_torch":22,"minecraft:spruce_stairs":1,"minecraft:coarse_dirt":7,"minecraft:sweet_berry_bush":76,"minecraft:spruce_log":133,"minecraft:oak_log":15,"minecraft:coal_ore":44,"minecraft:dirt":13,"minecraft:sand":31,"minecraft:cobweb":45,"minecraft:deepslate":72,"minecraft:fern":13},"minecraft:killed":{"minecraft:cave_spider":15,"minecraft:spider":2,"minecraft:skeleton":4,"minecraft:chicken":1,"minecraft:pig":2,"minecraft:sheep":1,"minecraft:zombie":17},"minecraft:used":{"minecraft:oak_fence":32,"minecraft:stone_sword":113,"minecraft:spruce_slab":14,"minecraft:ladder":4,"minecraft:chest":1,"minecraft:spruce_planks":139,"minecraft:iron_sword":182,"minecraft:oak_door":6,"minecraft:spruce_leaves":25,"minecraft:torch":50,"minecraft:dirt":5,"minecraft:mutton":1,"minecraft:spruce_stairs":4,"minecraft:tuff":51,"minecraft:glass":5,"minecraft:wooden_axe":69,"minecraft:iron_axe":182,"minecraft:rooted_dirt":1,"minecraft:bow":8,"minecraft:sweet_berries":208,"minecraft:mangrove_roots":1,"minecraft:furnace":7,"minecraft:cobbled_deepslate":93,"minecraft:cooked_mutton":3,"minecraft:cobblestone_stairs":21,"minecraft:stone_pickaxe":209,"minecraft:wooden_pickaxe":11,"minecraft:mossy_cobblestone":1,"minecraft:oak_slab":44,"minecraft:crafting_table":15,"minecraft:shears":238,"minecraft:iron_pickaxe":174,"minecraft:cobblestone":88,"minecraft:cooked_porkchop":5,"minecraft:coarse_dirt":7}},"DataVersion":3953}