{"stats":{"minecraft:dropped":{"minecraft:porkchop":3,"minecraft:wheat_seeds":3,"minecraft:coarse_dirt":4,"minecraft:crafting_table":7,"minecraft:tuff":2,"minecraft:rotten_flesh":3,"minecraft:dirt":2,"minecraft:wooden_axe":2,"minecraft:spider_eye":2,"minecraft:string":3,"minecraft:bone":1},"minecraft:custom":{"minecraft:interact_with_furnace":8,"minecraft:mob_kills":7,"minecraft:interact_with_crafting_table":7,"minecraft:leave_game":2,"minecraft:time_since_death":41647,"minecraft:time_since_rest":41647,"minecraft:sprint_one_cm":110176,"minecraft:damage_taken":763,"minecraft:walk_one_cm":46749,"minecraft:drop":32,"minecraft:damage_dealt":1525,"minecraft:fly_one_cm":109015,"minecraft:crouch_one_cm":4103,"minecraft:play_time":41647,"minecraft:sneak_time":2569,"minecraft:jump":882,"minecraft:walk_on_water_one_cm":260,"minecraft:total_world_time":41647,"minecraft:fall_one_cm":17767},"minecraft:picked_up":{"minecraft:wooden_axe":2,"minecraft:crafting_table":12,"minecraft:coarse_dirt":7,"minecraft:feather":2,"minecraft:chicken":1,"minecraft:tuff":18,"minecraft:oak_log":14,"minecraft:string":4,"minecraft:dirt":7,"minecraft:bone":2,"minecraft:wheat_seeds":7,"minecraft:diamond_leggings":1,"minecraft:cobbled_deepslate":61,"minecraft:raw_gold":6,"minecraft:iron_ingot":1,"minecraft:diamond_helmet":1,"minecraft:furnace":2,"minecraft:raw_iron":9,"minecraft:sweet_berries":167,"minecraft:torch":6,"minecraft:porkchop":8,"minecraft:stripped_spruce_log":1,"minecraft:spruce_log":33,"minecraft:spider_eye":3,"minecraft:oak_wood":6,"minecraft:rotten_flesh":6,"minecraft:arrow":4,"minecraft:diamond_chestplate":1,"minecraft:granite":6,"minecraft:mangrove_roots":1,"minecraft:rooted_dirt":1,"minecraft:coal":56,"minecraft:cobblestone":54},"minecraft:crafted":{"minecraft:wooden_sword":1,"minecraft:crafting_table":5,"minecraft:spruce_planks":72,"minecraft:wooden_pickaxe":1,"minecraft:furnace":2,"minecraft:air":0,"minecraft:stick":48,"minecraft:iron_ingot":4,"minecraft:iron_pickaxe":1,"minecraft:stone_pickaxe":2,"minecraft:wooden_axe":2,"minecraft:stone_sword":1,"minecraft:torch":4},"minecraft:mined":{"minecraft:tuff":16,"minecraft:mangrove_roots":1,"minecraft:crafting_table":5,"minecraft:glow_lichen":1,"minecraft:torch":3,"minecraft:granite":6,"minecraft:short_grass":23,"minecraft:oak_wood":6,"minecraft:cobblestone":2,"minecraft:spruce_leaves":1,"minecraft:rooted_dirt":1,"minecraft:wall_torch":2,"minecraft:large_fern":17,"minecraft:coarse_dirt":1,"minecraft:furnace":2,"minecraft:cobbled_deepslate":1,"minecraft:sweet_berry_bush":44,"minecraft:spruce_log":33,"minecraft:stripped_spruce_log":1,"minecraft:coal_ore":28,"minecraft:oak_log":15,"minecraft:deepslate_iron_ore":7,"minecraft:dirt":2,"minecraft:stone":61,"minecraft:deepslate":56,"minecraft:fern":11},"minecraft:killed":{"minecraft:pig":2,"minecraft:spider":1,"minecraft:zombie":3,"minecraft:chicken":1},"minecraft:used":{"minecraft:stone_sword":71,"minecraft:stone_pickaxe":174,"minecraft:spruce_planks":3,"minecraft:wooden_pickaxe":11,"minecraft:torch":5,"minecraft:dirt":5,"minecraft:crafting_table":9,"minecraft:tuff":12,"minecraft:wooden_axe":57,"minecraft:cobblestone":16,"minecraft:mangrove_roots":1,"minecraft:sweet_berries":73,"minecraft:furnace":2,"minecraft:coarse_dirt":2,"minecraft:cobbled_deepslate":56}},"DataVersion":3953}