{"stats":{"minecraft:dropped":{"minecraft:dirt":1,"minecraft:coarse_dirt":4,"minecraft:wooden_axe":1,"minecraft:crafting_table":7,"minecraft:rotten_flesh":1},"minecraft:custom":{"minecraft:time_since_rest":17647,"minecraft:sprint_one_cm":42641,"minecraft:damage_taken":486,"minecraft:walk_one_cm":22071,"minecraft:mob_kills":1,"minecraft:drop":14,"minecraft:damage_dealt":464,"minecraft:interact_with_crafting_table":2,"minecraft:fly_one_cm":31861,"minecraft:crouch_one_cm":1594,"minecraft:play_time":17647,"minecraft:sneak_time":1295,"minecraft:jump":277,"minecraft:leave_game":2,"minecraft:time_since_death":17647,"minecraft:total_world_time":17647,"minecraft:fall_one_cm":5614},"minecraft:picked_up":{"minecraft:wooden_axe":1,"minecraft:raw_iron":3,"minecraft:coarse_dirt":6,"minecraft:crafting_table":9,"minecraft:sweet_berries":84,"minecraft:tuff":9,"minecraft:stripped_spruce_log":1,"minecraft:spruce_log":32,"minecraft:dirt":6,"minecraft:bone":2,"minecraft:arrow":4,"minecraft:rotten_flesh":1,"minecraft:cobbled_deepslate":22,"minecraft:raw_gold":6,"minecraft:mangrove_roots":1},"minecraft:crafted":{"minecraft:wooden_sword":1,"minecraft:crafting_table":5,"minecraft:spruce_planks":72,"minecraft:stick":48,"minecraft:wooden_pickaxe":1,"minecraft:stone_pickaxe":1,"minecraft:wooden_axe":2,"minecraft:stone_sword":1},"minecraft:mined":{"minecraft:large_fern":1,"minecraft:tuff":9,"minecraft:sweet_berry_bush":12,"minecraft:spruce_log":32,"minecraft:mangrove_roots":1,"minecraft:stripped_spruce_log":1,"minecraft:glow_lichen":1,"minecraft:crafting_table":2,"minecraft:short_grass":2,"minecraft:deepslate_iron_ore":3,"minecraft:dirt":1,"minecraft:spruce_leaves":1,"minecraft:deepslate":22,"minecraft:fern":6},"minecraft:killed":{"minecraft:zombie":1},"minecraft:used":{"minecraft:wooden_axe":18,"minecraft:stone_sword":16,"minecraft:stone_pickaxe":28,"minecraft:wooden_pickaxe":7,"minecraft:dirt":5,"minecraft:sweet_berries":37,"minecraft:mangrove_roots":1,"minecraft:crafting_table":6,"minecraft:coarse_dirt":2}},"DataVersion":3953}