{"stats":{"minecraft:picked_up":{"minecraft:wooden_axe":3,"minecraft:spruce_leaves":149,"minecraft:crafting_table":22,"minecraft:coarse_dirt":24,"minecraft:chicken":2,"minecraft:gold_block":3,"minecraft:brewing_stand":3,"minecraft:cornflower":2,"minecraft:string":92,"minecraft:iron_axe":2,"minecraft:diamond_leggings":2,"minecraft:gold_nugget":58,"minecraft:cobbled_deepslate":131,"minecraft:bucket":1,"minecraft:spruce_planks":161,"minecraft:beef":12,"minecraft:iron_pickaxe":1,"minecraft:spruce_slab":5,"minecraft:egg":1,"minecraft:polished_deepslate_slab":1,"minecraft:chest":1,"minecraft:iron_boots":2,"minecraft:furnace":11,"minecraft:stick":2,"minecraft:raw_iron":253,"minecraft:oak_door":1,"minecraft:oak_fence":2,"minecraft:torch":98,"minecraft:spruce_stairs":1,"minecraft:porkchop":43,"minecraft:redstone":59,"minecraft:stone_sword":2,"minecraft:arrow":33,"minecraft:rotten_flesh":72,"minecraft:diamond_chestplate":2,"minecraft:hay_block":23,"minecraft:saddle":1,"minecraft:mangrove_roots":1,"minecraft:gold_ingot":1,"minecraft:glow_berries":15,"minecraft:mutton":10,"minecraft:rail":2,"minecraft:white_wool":5,"minecraft:cobblestone":197,"minecraft:feather":2,"minecraft:cooked_beef":2,"minecraft:andesite":8,"minecraft:salmon":6,"minecraft:leather":8,"minecraft:tuff":59,"minecraft:oak_log":14,"minecraft:cobblestone_stairs":1,"minecraft:lapis_lazuli":190,"minecraft:dirt":52,"minecraft:bone":18,"minecraft:kelp":22,"minecraft:bow":1,"minecraft:wheat_seeds":11,"minecraft:raw_gold":48,"minecraft:iron_ingot":6,"minecraft:cooked_chicken":1,"minecraft:diamond_helmet":2,"minecraft:iron_sword":3,"minecraft:oak_planks":5,"minecraft:oak_slab":7,"minecraft:chiseled_polished_blackstone":1,"minecraft:sweet_berries":266,"minecraft:quartz":10,"minecraft:sand":30,"minecraft:stripped_spruce_log":2,"minecraft:spruce_sapling":1,"minecraft:blast_furnace":1,"minecraft:white_bed":3,"minecraft:spruce_log":170,"minecraft:spider_eye":10,"minecraft:mossy_cobblestone":5,"minecraft:oak_wood":6,"minecraft:pumpkin_seeds":4,"minecraft:diamond":16,"minecraft:granite":6,"minecraft:bone_meal":2,"minecraft:golden_apple":2,"minecraft:bread":3,"minecraft:rooted_dirt":2,"minecraft:netherrack":43,"minecraft:coal":149,"minecraft:crimson_roots":3},"minecraft:mined":{"minecraft:nether_gold_ore":15,"minecraft:tuff":27,"minecraft:spruce_planks":34,"minecraft:white_bed":5,"minecraft:farmland":2,"minecraft:mossy_cobblestone":3,"minecraft:deepslate_diamond_ore":7,"minecraft:oak_door":1,"minecraft:mossy_stone_brick_slab":1,"minecraft:cobblestone_stairs":1,"minecraft:mangrove_roots":1,"minecraft:brewing_stand":3,"minecraft:cave_vines_plant":2,"minecraft:glow_lichen":2,"minecraft:granite":6,"minecraft:chiseled_polished_blackstone":1,"minecraft:grass_block":5,"minecraft:crimson_roots":10,"minecraft:spruce_leaves":304,"minecraft:crimson_fungus":1,"minecraft:rooted_dirt":2,"minecraft:spawner":1,"minecraft:large_fern":33,"minecraft:hay_block":23,"minecraft:tall_seagrass":1,"minecraft:weeping_vines_plant":1,"minecraft:glowstone":1,"minecraft:furnace":9,"minecraft:iron_ore":75,"minecraft:fire":1,"minecraft:cobbled_deepslate":8,"minecraft:andesite":8,"minecraft:stripped_spruce_log":1,"minecraft:deepslate_lapis_ore":15,"minecraft:gold_block":2,"minecraft:polished_deepslate_slab":1,"minecraft:cave_vines":6,"minecraft:deepslate_iron_ore":83,"minecraft:rail":1,"minecraft:stone":140,"minecraft:spruce_slab":5,"minecraft:podzol":6,"minecraft:oak_slab":6,"minecraft:deepslate_redstone_ore":10,"minecraft:crimson_nylium":6,"minecraft:oak_fence":2,"minecraft:cornflower":1,"minecraft:crafting_table":15,"minecraft:torch":34,"minecraft:short_grass":69,"minecraft:blast_furnace":2,"minecraft:oak_wood":6,"minecraft:nether_quartz_ore":14,"minecraft:tall_grass":2,"minecraft:cobblestone":63,"minecraft:deepslate_gold_ore":23,"minecraft:lapis_ore":1,"minecraft:oak_planks":3,"minecraft:wall_torch":30,"minecraft:spruce_stairs":1,"minecraft:coarse_dirt":10,"minecraft:sweet_berry_bush":103,"minecraft:spruce_log":166,"minecraft:birch_leaves":1,"minecraft:oak_log":15,"minecraft:coal_ore":54,"minecraft:dirt":15,"minecraft:sand":31,"minecraft:cobweb":68,"minecraft:netherrack":24,"minecraft:oak_leaves":16,"minecraft:deepslate":104,"minecraft:fern":21},"minecraft:killed_by":{"minecraft:spider":1},"minecraft:killed":{"minecraft:cave_spider":22,"minecraft:spider":8,"minecraft:skeleton":21,"minecraft:chicken":2,"minecraft:piglin":4,"minecraft:pig":11,"minecraft:salmon":3,"minecraft:bat":5,"minecraft:hoglin":3,"minecraft:sheep":6,"minecraft:zombie":72,"minecraft:enderman":1,"minecraft:cow":6},"minecraft:broken":{"minecraft:iron_boots":1,"minecraft:shears":1,"minecraft:iron_pickaxe":1},"minecraft:crafted":{"minecraft:wooden_sword":1,"minecraft:oak_door":6,"minecraft:oak_planks":80,"minecraft:cooked_chicken":1,"minecraft:furnace":3,"minecraft:cobblestone_stairs":20,"minecraft:cooked_mutton":7,"minecraft:glass":30,"minecraft:spruce_stairs":8,"minecraft:iron_boots":1,"minecraft:bow":1,"minecraft:iron_axe":3,"minecraft:ladder":6,"minecraft:iron_hoe":1,"minecraft:spruce_slab":12,"minecraft:stone_pickaxe":2,"minecraft:oak_fence":36,"minecraft:oak_slab":42,"minecraft:cooked_porkchop":26,"minecraft:crafting_table":6,"minecraft:spruce_planks":312,"minecraft:wooden_pickaxe":1,"minecraft:iron_helmet":2,"minecraft:iron_sword":4,"minecraft:cooked_salmon":3,"minecraft:bucket":1,"minecraft:air":0,"minecraft:iron_chestplate":2,"minecraft:diamond_pickaxe":1,"minecraft:stick":100,"minecraft:iron_ingot":121,"minecraft:iron_pickaxe":5,"minecraft:wooden_axe":2,"minecraft:stone_sword":1,"minecraft:iron_leggings":2,"minecraft:gold_ingot":9,"minecraft:torch":8,"minecraft:shears":1},"minecraft:custom":{"minecraft:mob_kills":168,"minecraft:interact_with_crafting_table":62,"minecraft:leave_game":3,"minecraft:time_since_death":142968,"minecraft:climb_one_cm":29108,"minecraft:sprint_one_cm":1009502,"minecraft:walk_one_cm":357408,"minecraft:drop":214,"minecraft:talked_to_villager":1,"minecraft:play_time":290781,"minecraft:sneak_time":14917,"minecraft:deaths":1,"minecraft:walk_under_water_one_cm":17934,"minecraft:interact_with_brewingstand":1,"minecraft:jump":5133,"minecraft:interact_with_blast_furnace":19,"minecraft:walk_on_water_one_cm":55563,"minecraft:total_world_time":290781,"minecraft:interact_with_furnace":85,"minecraft:sleep_in_bed":2,"minecraft:time_since_rest":62291,"minecraft:damage_taken":5282,"minecraft:damage_dealt":21233,"minecraft:swim_one_cm":93084,"minecraft:fly_one_cm":907750,"minecraft:open_chest":67,"minecraft:crouch_one_cm":38183,"minecraft:interact_with_smoker":4,"minecraft:fall_one_cm":130367},"minecraft:dropped":{"minecraft:bread":3,"minecraft:iron_sword":4,"minecraft:porkchop":3,"minecraft:wheat_seeds":10,"minecraft:mossy_cobblestone":3,"minecraft:crafting_table":7,"minecraft:cooked_porkchop":5,"minecraft:feather":2,"minecraft:iron_helmet":2,"minecraft:cobblestone":2,"minecraft:rooted_dirt":1,"minecraft:leather":1,"minecraft:granite":6,"minecraft:rail":1,"minecraft:gold_block":1,"minecraft:spruce_leaves":72,"minecraft:dirt":39,"minecraft:torch":3,"minecraft:cornflower":1,"minecraft:crimson_roots":3,"minecraft:wooden_axe":5,"minecraft:iron_leggings":2,"minecraft:bone_meal":1,"minecraft:iron_axe":2,"minecraft:iron_pickaxe":2,"minecraft:string":4,"minecraft:white_wool":5,"minecraft:bucket":1,"minecraft:spruce_sapling":1,"minecraft:bone":1,"minecraft:gold_ingot":2,"minecraft:chiseled_polished_blackstone":1,"minecraft:furnace":1,"minecraft:kelp":22,"minecraft:sweet_berries":13,"minecraft:coarse_dirt":8,"minecraft:stone_sword":2,"minecraft:tuff":3,"minecraft:rotten_flesh":33,"minecraft:iron_boots":2,"minecraft:white_bed":1,"minecraft:spruce_planks":39,"minecraft:diamond_pickaxe":1,"minecraft:iron_chestplate":2,"minecraft:spider_eye":5,"minecraft:stone_pickaxe":2,"minecraft:wooden_pickaxe":1,"minecraft:netherrack":40,"minecraft:egg":1},"minecraft:used":{"minecraft:oak_fence":32,"minecraft:stone_sword":113,"minecraft:spruce_slab":14,"minecraft:ladder":4,"minecraft:chest":1,"minecraft:spruce_planks":149,"minecraft:iron_sword":673,"minecraft:cooked_salmon":3,"minecraft:cooked_chicken":1,"minecraft:netherrack":3,"minecraft:oak_door":6,"minecraft:spruce_leaves":31,"minecraft:torch":94,"minecraft:brewing_stand":1,"minecraft:dirt":13,"minecraft:mutton":3,"minecraft:spruce_stairs":4,"minecraft:diamond_helmet":1,"minecraft:tuff":51,"minecraft:glass":5,"minecraft:wooden_axe":69,"minecraft:iron_hoe":27,"minecraft:lava_bucket":8,"minecraft:rooted_dirt":1,"minecraft:iron_axe":253,"minecraft:bow":8,"minecraft:sweet_berries":242,"minecraft:mangrove_roots":1,"minecraft:furnace":12,"minecraft:cooked_beef":2,"minecraft:cobbled_deepslate":122,"minecraft:golden_axe":11,"minecraft:cooked_mutton":7,"minecraft:water_bucket":6,"minecraft:cobblestone_stairs":21,"minecraft:oak_planks":2,"minecraft:stone_pickaxe":209,"minecraft:wooden_pickaxe":11,"minecraft:polished_deepslate_slab":1,"minecraft:glow_berries":12,"minecraft:mossy_cobblestone":2,"minecraft:oak_slab":44,"minecraft:crafting_table":20,"minecraft:blast_furnace":1,"minecraft:white_bed":1,"minecraft:shears":238,"minecraft:diamond_pickaxe":1,"minecraft:bread":10,"minecraft:iron_pickaxe":528,"minecraft:cobblestone":127,"minecraft:cooked_porkchop":21,"minecraft:andesite":8,"minecraft:bucket":14,"minecraft:coarse_dirt":14}},"DataVersion":3953}