{"stats":{"minecraft:dropped":{"minecraft:bread":3,"minecraft:iron_sword":1,"minecraft:porkchop":3,"minecraft:wheat_seeds":10,"minecraft:mossy_cobblestone":3,"minecraft:crafting_table":7,"minecraft:iron_helmet":1,"minecraft:feather":2,"minecraft:cobblestone":2,"minecraft:rail":1,"minecraft:gold_block":1,"minecraft:spruce_leaves":27,"minecraft:dirt":2,"minecraft:torch":3,"minecraft:cornflower":1,"minecraft:crimson_roots":3,"minecraft:wooden_axe":5,"minecraft:iron_leggings":1,"minecraft:iron_pickaxe":1,"minecraft:string":4,"minecraft:bucket":1,"minecraft:spruce_sapling":1,"minecraft:gold_ingot":2,"minecraft:bone":1,"minecraft:chiseled_polished_blackstone":1,"minecraft:sweet_berries":13,"minecraft:coarse_dirt":5,"minecraft:stone_sword":2,"minecraft:tuff":3,"minecraft:rotten_flesh":32,"minecraft:white_bed":1,"minecraft:spruce_planks":39,"minecraft:diamond_pickaxe":1,"minecraft:iron_chestplate":1,"minecraft:spider_eye":5,"minecraft:stone_pickaxe":2,"minecraft:wooden_pickaxe":1,"minecraft:netherrack":40},"minecraft:custom":{"minecraft:mob_kills":74,"minecraft:interact_with_crafting_table":50,"minecraft:leave_game":2,"minecraft:time_since_death":55834,"minecraft:climb_one_cm":20769,"minecraft:sprint_one_cm":607811,"minecraft:walk_one_cm":248798,"minecraft:drop":131,"minecraft:deaths":1,"minecraft:play_time":203647,"minecraft:sneak_time":13407,"minecraft:walk_under_water_one_cm":14054,"minecraft:jump":2856,"minecraft:interact_with_blast_furnace":17,"minecraft:walk_on_water_one_cm":40530,"minecraft:total_world_time":203647,"minecraft:interact_with_furnace":57,"minecraft:sleep_in_bed":1,"minecraft:time_since_rest":55858,"minecraft:damage_taken":4104,"minecraft:damage_dealt":11579,"minecraft:swim_one_cm":44401,"minecraft:fly_one_cm":361571,"minecraft:open_chest":28,"minecraft:crouch_one_cm":33934,"minecraft:interact_with_smoker":4,"minecraft:fall_one_cm":63811},"minecraft:broken":{"minecraft:shears":1,"minecraft:iron_pickaxe":1},"minecraft:picked_up":{"minecraft:wooden_axe":3,"minecraft:spruce_leaves":144,"minecraft:coarse_dirt":16,"minecraft:crafting_table":21,"minecraft:chicken":1,"minecraft:gold_block":2,"minecraft:cornflower":2,"minecraft:iron_axe":1,"minecraft:string":68,"minecraft:diamond_leggings":2,"minecraft:gold_nugget":58,"minecraft:cobbled_deepslate":120,"minecraft:bucket":1,"minecraft:spruce_planks":104,"minecraft:iron_pickaxe":1,"minecraft:spruce_slab":5,"minecraft:chest":1,"minecraft:iron_boots":1,"minecraft:furnace":10,"minecraft:stick":2,"minecraft:raw_iron":181,"minecraft:oak_door":1,"minecraft:oak_fence":2,"minecraft:torch":70,"minecraft:spruce_stairs":1,"minecraft:porkchop":17,"minecraft:redstone":35,"minecraft:stone_sword":2,"minecraft:diamond_chestplate":2,"minecraft:arrow":17,"minecraft:rotten_flesh":35,"minecraft:mangrove_roots":1,"minecraft:saddle":1,"minecraft:gold_ingot":1,"minecraft:glow_berries":15,"minecraft:mutton":4,"minecraft:rail":2,"minecraft:cobblestone":189,"minecraft:feather":2,"minecraft:cooked_beef":2,"minecraft:salmon":6,"minecraft:tuff":59,"minecraft:oak_log":14,"minecraft:cobblestone_stairs":1,"minecraft:lapis_lazuli":64,"minecraft:dirt":22,"minecraft:bone":8,"minecraft:bow":1,"minecraft:wheat_seeds":11,"minecraft:raw_gold":24,"minecraft:iron_ingot":4,"minecraft:cooked_chicken":1,"minecraft:diamond_helmet":2,"minecraft:iron_sword":3,"minecraft:oak_planks":5,"minecraft:oak_slab":7,"minecraft:chiseled_polished_blackstone":1,"minecraft:sweet_berries":251,"minecraft:quartz":10,"minecraft:sand":30,"minecraft:stripped_spruce_log":2,"minecraft:spruce_sapling":1,"minecraft:white_bed":1,"minecraft:spruce_log":138,"minecraft:spider_eye":10,"minecraft:mossy_cobblestone":4,"minecraft:oak_wood":6,"minecraft:pumpkin_seeds":4,"minecraft:diamond":5,"minecraft:granite":6,"minecraft:bone_meal":2,"minecraft:golden_apple":2,"minecraft:bread":3,"minecraft:rooted_dirt":2,"minecraft:netherrack":43,"minecraft:coal":148,"minecraft:crimson_roots":3},"minecraft:killed_by":{"minecraft:spider":1},"minecraft:crafted":{"minecraft:wooden_sword":1,"minecraft:oak_door":6,"minecraft:oak_planks":80,"minecraft:cooked_chicken":1,"minecraft:furnace":2,"minecraft:cobblestone_stairs":20,"minecraft:cooked_mutton":3,"minecraft:glass":30,"minecraft:spruce_stairs":8,"minecraft:bow":1,"minecraft:iron_axe":1,"minecraft:ladder":6,"minecraft:spruce_slab":12,"minecraft:stone_pickaxe":2,"minecraft:oak_fence":36,"minecraft:oak_slab":42,"minecraft:cooked_porkchop":10,"minecraft:crafting_table":6,"minecraft:spruce_planks":300,"minecraft:wooden_pickaxe":1,"minecraft:iron_helmet":1,"minecraft:iron_sword":2,"minecraft:cooked_salmon":3,"minecraft:bucket":1,"minecraft:air":0,"minecraft:iron_chestplate":1,"minecraft:diamond_pickaxe":1,"minecraft:stick":64,"minecraft:iron_ingot":87,"minecraft:iron_pickaxe":3,"minecraft:wooden_axe":2,"minecraft:stone_sword":1,"minecraft:gold_ingot":9,"minecraft:iron_leggings":1,"minecraft:torch":4,"minecraft:shears":1},"minecraft:mined":{"minecraft:nether_gold_ore":15,"minecraft:tuff":27,"minecraft:spruce_planks":34,"minecraft:white_bed":3,"minecraft:mossy_cobblestone":2,"minecraft:deepslate_diamond_ore":4,"minecraft:oak_door":1,"minecraft:cobblestone_stairs":1,"minecraft:mangrove_roots":1,"minecraft:glow_lichen":2,"minecraft:cave_vines_plant":2,"minecraft:granite":6,"minecraft:chiseled_polished_blackstone":1,"minecraft:grass_block":1,"minecraft:crimson_roots":10,"minecraft:spruce_leaves":304,"minecraft:crimson_fungus":1,"minecraft:rooted_dirt":2,"minecraft:spawner":1,"minecraft:large_fern":17,"minecraft:weeping_vines_plant":1,"minecraft:glowstone":1,"minecraft:furnace":8,"minecraft:fire":1,"minecraft:iron_ore":70,"minecraft:cobbled_deepslate":8,"minecraft:stripped_spruce_log":1,"minecraft:deepslate_lapis_ore":8,"minecraft:gold_block":1,"minecraft:cave_vines":6,"minecraft:deepslate_iron_ore":56,"minecraft:stone":132,"minecraft:spruce_slab":5,"minecraft:podzol":3,"minecraft:deepslate_redstone_ore":8,"minecraft:oak_slab":6,"minecraft:crimson_nylium":6,"minecraft:oak_fence":2,"minecraft:cornflower":1,"minecraft:crafting_table":14,"minecraft:torch":16,"minecraft:short_grass":34,"minecraft:oak_wood":6,"minecraft:nether_quartz_ore":14,"minecraft:cobblestone":63,"minecraft:lapis_ore":1,"minecraft:deepslate_gold_ore":18,"minecraft:oak_planks":3,"minecraft:wall_torch":24,"minecraft:spruce_stairs":1,"minecraft:coarse_dirt":7,"minecraft:sweet_berry_bush":77,"minecraft:spruce_log":133,"minecraft:birch_leaves":1,"minecraft:oak_log":15,"minecraft:coal_ore":53,"minecraft:dirt":13,"minecraft:sand":31,"minecraft:cobweb":45,"minecraft:netherrack":24,"minecraft:deepslate":97,"minecraft:fern":13},"minecraft:killed":{"minecraft:cave_spider":15,"minecraft:spider":6,"minecraft:skeleton":7,"minecraft:chicken":1,"minecraft:piglin":4,"minecraft:pig":2,"minecraft:salmon":3,"minecraft:bat":5,"minecraft:hoglin":3,"minecraft:sheep":1,"minecraft:zombie":24},"minecraft:used":{"minecraft:oak_fence":32,"minecraft:stone_sword":113,"minecraft:spruce_slab":14,"minecraft:ladder":4,"minecraft:chest":1,"minecraft:spruce_planks":145,"minecraft:iron_sword":308,"minecraft:cooked_salmon":3,"minecraft:netherrack":3,"minecraft:oak_door":6,"minecraft:spruce_leaves":27,"minecraft:torch":60,"minecraft:dirt":5,"minecraft:mutton":1,"minecraft:spruce_stairs":4,"minecraft:diamond_helmet":1,"minecraft:tuff":51,"minecraft:glass":5,"minecraft:wooden_axe":69,"minecraft:lava_bucket":8,"minecraft:iron_axe":202,"minecraft:rooted_dirt":1,"minecraft:bow":8,"minecraft:sweet_berries":226,"minecraft:mangrove_roots":1,"minecraft:furnace":11,"minecraft:cooked_beef":1,"minecraft:cobbled_deepslate":109,"minecraft:cooked_mutton":3,"minecraft:cobblestone_stairs":21,"minecraft:oak_planks":2,"minecraft:stone_pickaxe":209,"minecraft:wooden_pickaxe":11,"minecraft:glow_berries":12,"minecraft:mossy_cobblestone":1,"minecraft:oak_slab":44,"minecraft:crafting_table":19,"minecraft:shears":238,"minecraft:diamond_pickaxe":1,"minecraft:bread":3,"minecraft:iron_pickaxe":438,"minecraft:cobblestone":127,"minecraft:cooked_porkchop":9,"minecraft:bucket":8,"minecraft:coarse_dirt":9}},"DataVersion":3953}