{"stats":{"minecraft:dropped":{"minecraft:porkchop":3,"minecraft:wheat_seeds":8,"minecraft:mossy_cobblestone":3,"minecraft:crafting_table":7,"minecraft:feather":2,"minecraft:rail":1,"minecraft:spruce_leaves":27,"minecraft:dirt":2,"minecraft:wooden_axe":5,"minecraft:string":4,"minecraft:spruce_sapling":1,"minecraft:bone":1,"minecraft:coarse_dirt":5,"minecraft:stone_sword":1,"minecraft:tuff":3,"minecraft:rotten_flesh":16,"minecraft:white_bed":1,"minecraft:spider_eye":5,"minecraft:stone_pickaxe":2,"minecraft:wooden_pickaxe":1},"minecraft:custom":{"minecraft:mob_kills":36,"minecraft:interact_with_crafting_table":37,"minecraft:leave_game":2,"minecraft:time_since_death":119647,"minecraft:climb_one_cm":8428,"minecraft:sprint_one_cm":395359,"minecraft:walk_one_cm":160664,"minecraft:drop":89,"minecraft:play_time":119647,"minecraft:sneak_time":8185,"minecraft:walk_under_water_one_cm":7575,"minecraft:jump":1663,"minecraft:interact_with_blast_furnace":15,"minecraft:walk_on_water_one_cm":23177,"minecraft:total_world_time":119647,"minecraft:interact_with_furnace":15,"minecraft:sleep_in_bed":1,"minecraft:time_since_rest":35316,"minecraft:damage_taken":2700,"minecraft:damage_dealt":5483,"minecraft:swim_one_cm":19200,"minecraft:fly_one_cm":191826,"minecraft:open_chest":12,"minecraft:crouch_one_cm":22590,"minecraft:interact_with_smoker":3,"minecraft:fall_one_cm":31542},"minecraft:broken":{"minecraft:shears":1},"minecraft:picked_up":{"minecraft:wooden_axe":3,"minecraft:spruce_leaves":98,"minecraft:coarse_dirt":13,"minecraft:crafting_table":15,"minecraft:chicken":1,"minecraft:string":66,"minecraft:diamond_leggings":1,"minecraft:cobbled_deepslate":98,"minecraft:spruce_planks":21,"minecraft:spruce_slab":1,"minecraft:chest":1,"minecraft:furnace":5,"minecraft:stick":2,"minecraft:raw_iron":34,"minecraft:oak_door":1,"minecraft:oak_fence":2,"minecraft:torch":31,"minecraft:spruce_stairs":1,"minecraft:porkchop":8,"minecraft:diamond_chestplate":1,"minecraft:arrow":6,"minecraft:rotten_flesh":16,"minecraft:mangrove_roots":1,"minecraft:saddle":1,"minecraft:glow_berries":3,"minecraft:mutton":4,"minecraft:rail":2,"minecraft:cobblestone":141,"minecraft:feather":2,"minecraft:tuff":54,"minecraft:oak_log":14,"minecraft:cobblestone_stairs":1,"minecraft:dirt":22,"minecraft:bone":2,"minecraft:wheat_seeds":8,"minecraft:raw_gold":17,"minecraft:iron_ingot":1,"minecraft:diamond_helmet":1,"minecraft:oak_planks":3,"minecraft:oak_slab":7,"minecraft:sweet_berries":228,"minecraft:sand":6,"minecraft:stripped_spruce_log":1,"minecraft:spruce_sapling":1,"minecraft:white_bed":1,"minecraft:spruce_log":74,"minecraft:spider_eye":9,"minecraft:mossy_cobblestone":4,"minecraft:oak_wood":6,"minecraft:pumpkin_seeds":4,"minecraft:granite":6,"minecraft:rooted_dirt":1,"minecraft:coal":71},"minecraft:crafted":{"minecraft:wooden_sword":1,"minecraft:oak_door":6,"minecraft:oak_planks":80,"minecraft:furnace":2,"minecraft:cobblestone_stairs":20,"minecraft:cooked_mutton":3,"minecraft:spruce_stairs":8,"minecraft:bow":1,"minecraft:iron_axe":1,"minecraft:ladder":6,"minecraft:spruce_slab":12,"minecraft:stone_pickaxe":2,"minecraft:oak_fence":36,"minecraft:oak_slab":42,"minecraft:cooked_porkchop":5,"minecraft:crafting_table":6,"minecraft:spruce_planks":296,"minecraft:wooden_pickaxe":1,"minecraft:iron_sword":1,"minecraft:air":0,"minecraft:stick":60,"minecraft:iron_ingot":31,"minecraft:iron_pickaxe":1,"minecraft:wooden_axe":2,"minecraft:stone_sword":1,"minecraft:torch":4,"minecraft:shears":1},"minecraft:mined":{"minecraft:tuff":26,"minecraft:spruce_planks":22,"minecraft:white_bed":3,"minecraft:mossy_cobblestone":2,"minecraft:oak_door":1,"minecraft:cobblestone_stairs":1,"minecraft:mangrove_roots":1,"minecraft:glow_lichen":1,"minecraft:cave_vines_plant":2,"minecraft:granite":6,"minecraft:grass_block":1,"minecraft:spruce_leaves":284,"minecraft:rooted_dirt":1,"minecraft:spawner":1,"minecraft:large_fern":17,"minecraft:furnace":4,"minecraft:iron_ore":6,"minecraft:cobbled_deepslate":8,"minecraft:stripped_spruce_log":1,"minecraft:cave_vines":6,"minecraft:deepslate_iron_ore":27,"minecraft:stone":118,"minecraft:spruce_slab":1,"minecraft:podzol":3,"minecraft:oak_slab":5,"minecraft:oak_fence":2,"minecraft:crafting_table":8,"minecraft:torch":9,"minecraft:short_grass":28,"minecraft:oak_wood":6,"minecraft:cobblestone":34,"minecraft:deepslate_gold_ore":11,"minecraft:oak_planks":3,"minecraft:wall_torch":17,"minecraft:spruce_stairs":1,"minecraft:coarse_dirt":6,"minecraft:sweet_berry_bush":72,"minecraft:spruce_log":66,"minecraft:oak_log":15,"minecraft:coal_ore":44,"minecraft:dirt":13,"minecraft:sand":7,"minecraft:cobweb":45,"minecraft:deepslate":72,"minecraft:fern":13},"minecraft:killed":{"minecraft:cave_spider":15,"minecraft:spider":2,"minecraft:skeleton":4,"minecraft:chicken":1,"minecraft:pig":2,"minecraft:sheep":1,"minecraft:zombie":11},"minecraft:used":{"minecraft:oak_fence":29,"minecraft:stone_sword":113,"minecraft:spruce_slab":10,"minecraft:ladder":4,"minecraft:chest":1,"minecraft:spruce_planks":139,"minecraft:iron_sword":149,"minecraft:oak_door":6,"minecraft:spruce_leaves":9,"minecraft:torch":38,"minecraft:dirt":5,"minecraft:mutton":1,"minecraft:spruce_stairs":4,"minecraft:tuff":51,"minecraft:wooden_axe":69,"minecraft:iron_axe":93,"minecraft:rooted_dirt":1,"minecraft:bow":8,"minecraft:sweet_berries":190,"minecraft:mangrove_roots":1,"minecraft:furnace":4,"minecraft:cobbled_deepslate":93,"minecraft:cooked_mutton":3,"minecraft:cobblestone_stairs":21,"minecraft:stone_pickaxe":209,"minecraft:wooden_pickaxe":11,"minecraft:oak_slab":44,"minecraft:crafting_table":14,"minecraft:shears":238,"minecraft:iron_pickaxe":168,"minecraft:cobblestone":85,"minecraft:cooked_porkchop":5,"minecraft:coarse_dirt":3}},"DataVersion":3953}