{"stats":{"minecraft:dropped":{"minecraft:porkchop":3,"minecraft:wheat_seeds":8,"minecraft:coarse_dirt":5,"minecraft:stone_sword":1,"minecraft:mossy_cobblestone":3,"minecraft:crafting_table":7,"minecraft:tuff":3,"minecraft:feather":2,"minecraft:rotten_flesh":6,"minecraft:white_bed":1,"minecraft:rail":1,"minecraft:dirt":2,"minecraft:wooden_axe":5,"minecraft:spider_eye":5,"minecraft:wooden_pickaxe":1,"minecraft:stone_pickaxe":2,"minecraft:string":4,"minecraft:bone":1},"minecraft:custom":{"minecraft:interact_with_furnace":15,"minecraft:mob_kills":36,"minecraft:interact_with_crafting_table":21,"minecraft:leave_game":2,"minecraft:time_since_death":95647,"minecraft:sleep_in_bed":1,"minecraft:time_since_rest":11316,"minecraft:sprint_one_cm":332178,"minecraft:damage_taken":2650,"minecraft:walk_one_cm":129703,"minecraft:drop":60,"minecraft:damage_dealt":5475,"minecraft:swim_one_cm":19200,"minecraft:fly_one_cm":176142,"minecraft:open_chest":5,"minecraft:crouch_one_cm":8304,"minecraft:play_time":95647,"minecraft:sneak_time":4451,"minecraft:walk_under_water_one_cm":7575,"minecraft:jump":1504,"minecraft:interact_with_blast_furnace":15,"minecraft:walk_on_water_one_cm":20843,"minecraft:interact_with_smoker":3,"minecraft:total_world_time":95647,"minecraft:fall_one_cm":27564},"minecraft:picked_up":{"minecraft:wooden_axe":3,"minecraft:crafting_table":15,"minecraft:coarse_dirt":13,"minecraft:feather":2,"minecraft:chicken":1,"minecraft:tuff":54,"minecraft:oak_log":14,"minecraft:cobblestone_stairs":1,"minecraft:string":66,"minecraft:dirt":22,"minecraft:bone":2,"minecraft:wheat_seeds":8,"minecraft:diamond_leggings":1,"minecraft:cobbled_deepslate":96,"minecraft:raw_gold":17,"minecraft:spruce_planks":4,"minecraft:iron_ingot":1,"minecraft:diamond_helmet":1,"minecraft:chest":1,"minecraft:oak_planks":3,"minecraft:furnace":5,"minecraft:raw_iron":34,"minecraft:oak_door":1,"minecraft:sweet_berries":217,"minecraft:torch":28,"minecraft:sand":6,"minecraft:porkchop":8,"minecraft:stripped_spruce_log":1,"minecraft:white_bed":1,"minecraft:spruce_log":48,"minecraft:mossy_cobblestone":4,"minecraft:spider_eye":9,"minecraft:pumpkin_seeds":4,"minecraft:oak_wood":6,"minecraft:rotten_flesh":16,"minecraft:arrow":6,"minecraft:diamond_chestplate":1,"minecraft:granite":6,"minecraft:saddle":1,"minecraft:mangrove_roots":1,"minecraft:rooted_dirt":1,"minecraft:glow_berries":3,"minecraft:mutton":4,"minecraft:coal":71,"minecraft:rail":2,"minecraft:cobblestone":133},"minecraft:crafted":{"minecraft:wooden_sword":1,"minecraft:oak_door":6,"minecraft:oak_planks":56,"minecraft:cooked_porkchop":5,"minecraft:crafting_table":6,"minecraft:spruce_planks":72,"minecraft:wooden_pickaxe":1,"minecraft:iron_sword":1,"minecraft:furnace":2,"minecraft:cobblestone_stairs":20,"minecraft:cooked_mutton":3,"minecraft:air":0,"minecraft:bow":1,"minecraft:iron_axe":1,"minecraft:stick":48,"minecraft:iron_ingot":31,"minecraft:iron_pickaxe":1,"minecraft:stone_pickaxe":2,"minecraft:wooden_axe":2,"minecraft:stone_sword":1,"minecraft:torch":4},"minecraft:mined":{"minecraft:podzol":3,"minecraft:tuff":26,"minecraft:spruce_planks":4,"minecraft:white_bed":3,"minecraft:mossy_cobblestone":2,"minecraft:oak_door":1,"minecraft:cobblestone_stairs":1,"minecraft:mangrove_roots":1,"minecraft:crafting_table":8,"minecraft:glow_lichen":1,"minecraft:torch":7,"minecraft:cave_vines_plant":2,"minecraft:granite":6,"minecraft:short_grass":26,"minecraft:oak_wood":6,"minecraft:grass_block":1,"minecraft:cobblestone":26,"minecraft:spruce_leaves":7,"minecraft:deepslate_gold_ore":11,"minecraft:oak_planks":3,"minecraft:rooted_dirt":1,"minecraft:wall_torch":16,"minecraft:spawner":1,"minecraft:large_fern":17,"minecraft:coarse_dirt":6,"minecraft:furnace":4,"minecraft:iron_ore":6,"minecraft:cobbled_deepslate":6,"minecraft:sweet_berry_bush":67,"minecraft:spruce_log":41,"minecraft:stripped_spruce_log":1,"minecraft:coal_ore":44,"minecraft:oak_log":15,"minecraft:cave_vines":6,"minecraft:deepslate_iron_ore":27,"minecraft:sand":7,"minecraft:dirt":13,"minecraft:cobweb":45,"minecraft:stone":116,"minecraft:deepslate":72,"minecraft:fern":13},"minecraft:killed":{"minecraft:cave_spider":15,"minecraft:pig":2,"minecraft:spider":2,"minecraft:sheep":1,"minecraft:skeleton":4,"minecraft:zombie":11,"minecraft:chicken":1},"minecraft:used":{"minecraft:cooked_mutton":3,"minecraft:stone_sword":113,"minecraft:cobblestone_stairs":19,"minecraft:stone_pickaxe":209,"minecraft:iron_sword":142,"minecraft:spruce_planks":9,"minecraft:wooden_pickaxe":11,"minecraft:oak_door":5,"minecraft:torch":32,"minecraft:dirt":5,"minecraft:mutton":1,"minecraft:crafting_table":12,"minecraft:tuff":51,"minecraft:wooden_axe":69,"minecraft:iron_axe":14,"minecraft:iron_pickaxe":154,"minecraft:rooted_dirt":1,"minecraft:cobblestone":72,"minecraft:bow":8,"minecraft:mangrove_roots":1,"minecraft:sweet_berries":176,"minecraft:furnace":4,"minecraft:cooked_porkchop":5,"minecraft:coarse_dirt":3,"minecraft:cobbled_deepslate":90}},"DataVersion":3953}