{"stats":{"minecraft:dropped":{"minecraft:dirt":1,"minecraft:coarse_dirt":4,"minecraft:wooden_axe":1,"minecraft:crafting_table":7,"minecraft:rotten_flesh":1},"minecraft:custom":{"minecraft:time_since_rest":29647,"minecraft:sprint_one_cm":57652,"minecraft:damage_taken":514,"minecraft:walk_one_cm":29730,"minecraft:mob_kills":1,"minecraft:drop":14,"minecraft:damage_dealt":547,"minecraft:interact_with_crafting_table":4,"minecraft:fly_one_cm":46318,"minecraft:crouch_one_cm":3044,"minecraft:play_time":29647,"minecraft:sneak_time":2089,"minecraft:jump":580,"minecraft:leave_game":2,"minecraft:time_since_death":29647,"minecraft:total_world_time":29647,"minecraft:fall_one_cm":8374},"minecraft:picked_up":{"minecraft:wooden_axe":1,"minecraft:raw_iron":7,"minecraft:coarse_dirt":7,"minecraft:crafting_table":11,"minecraft:sweet_berries":84,"minecraft:torch":5,"minecraft:tuff":17,"minecraft:stripped_spruce_log":1,"minecraft:spruce_log":33,"minecraft:dirt":7,"minecraft:diamond_chestplate":1,"minecraft:bone":2,"minecraft:arrow":4,"minecraft:rotten_flesh":1,"minecraft:diamond_leggings":1,"minecraft:cobbled_deepslate":61,"minecraft:raw_gold":6,"minecraft:granite":6,"minecraft:mangrove_roots":1,"minecraft:rooted_dirt":1,"minecraft:diamond_helmet":1,"minecraft:coal":29,"minecraft:cobblestone":54},"minecraft:crafted":{"minecraft:wooden_sword":1,"minecraft:crafting_table":5,"minecraft:spruce_planks":72,"minecraft:stick":48,"minecraft:wooden_pickaxe":1,"minecraft:stone_pickaxe":2,"minecraft:wooden_axe":2,"minecraft:stone_sword":1,"minecraft:furnace":1,"minecraft:torch":4},"minecraft:mined":{"minecraft:large_fern":1,"minecraft:tuff":16,"minecraft:coarse_dirt":1,"minecraft:cobbled_deepslate":1,"minecraft:sweet_berry_bush":12,"minecraft:spruce_log":33,"minecraft:mangrove_roots":1,"minecraft:stripped_spruce_log":1,"minecraft:torch":3,"minecraft:glow_lichen":1,"minecraft:crafting_table":4,"minecraft:granite":6,"minecraft:short_grass":2,"minecraft:coal_ore":28,"minecraft:deepslate_iron_ore":7,"minecraft:dirt":2,"minecraft:cobblestone":2,"minecraft:spruce_leaves":1,"minecraft:stone":61,"minecraft:rooted_dirt":1,"minecraft:wall_torch":2,"minecraft:deepslate":56,"minecraft:fern":6},"minecraft:killed":{"minecraft:zombie":1},"minecraft:used":{"minecraft:wooden_axe":21,"minecraft:stone_sword":17,"minecraft:stone_pickaxe":171,"minecraft:spruce_planks":3,"minecraft:wooden_pickaxe":11,"minecraft:torch":5,"minecraft:dirt":5,"minecraft:cobblestone":16,"minecraft:sweet_berries":47,"minecraft:mangrove_roots":1,"minecraft:crafting_table":8,"minecraft:tuff":4,"minecraft:coarse_dirt":2,"minecraft:cobbled_deepslate":56}},"DataVersion":3953}