{"stats":{"minecraft:dropped":{"minecraft:porkchop":3,"minecraft:wheat_seeds":8,"minecraft:coarse_dirt":5,"minecraft:crafting_table":7,"minecraft:tuff":3,"minecraft:feather":2,"minecraft:rotten_flesh":6,"minecraft:rail":1,"minecraft:dirt":2,"minecraft:wooden_axe":3,"minecraft:spider_eye":5,"minecraft:stone_pickaxe":1,"minecraft:string":4,"minecraft:bone":1},"minecraft:custom":{"minecraft:interact_with_furnace":14,"minecraft:mob_kills":25,"minecraft:interact_with_crafting_table":9,"minecraft:leave_game":2,"minecraft:time_since_death":71647,"minecraft:time_since_rest":71647,"minecraft:sprint_one_cm":253781,"minecraft:damage_taken":2089,"minecraft:walk_one_cm":91690,"minecraft:drop":51,"minecraft:damage_dealt":3870,"minecraft:swim_one_cm":19200,"minecraft:fly_one_cm":154433,"minecraft:crouch_one_cm":7423,"minecraft:play_time":71647,"minecraft:sneak_time":4187,"minecraft:walk_under_water_one_cm":7575,"minecraft:jump":1283,"minecraft:walk_on_water_one_cm":20843,"minecraft:total_world_time":71647,"minecraft:fall_one_cm":24289},"minecraft:picked_up":{"minecraft:wooden_axe":2,"minecraft:crafting_table":13,"minecraft:coarse_dirt":8,"minecraft:feather":2,"minecraft:chicken":1,"minecraft:tuff":54,"minecraft:oak_log":14,"minecraft:string":41,"minecraft:dirt":7,"minecraft:bone":2,"minecraft:wheat_seeds":8,"minecraft:diamond_leggings":1,"minecraft:cobbled_deepslate":90,"minecraft:raw_gold":14,"minecraft:iron_ingot":1,"minecraft:diamond_helmet":1,"minecraft:oak_planks":3,"minecraft:furnace":4,"minecraft:raw_iron":33,"minecraft:sweet_berries":217,"minecraft:torch":14,"minecraft:porkchop":8,"minecraft:stripped_spruce_log":1,"minecraft:spruce_log":33,"minecraft:spider_eye":9,"minecraft:oak_wood":6,"minecraft:rotten_flesh":6,"minecraft:arrow":6,"minecraft:diamond_chestplate":1,"minecraft:granite":6,"minecraft:mangrove_roots":1,"minecraft:rooted_dirt":1,"minecraft:glow_berries":3,"minecraft:mutton":4,"minecraft:coal":59,"minecraft:rail":2,"minecraft:cobblestone":64},"minecraft:crafted":{"minecraft:wooden_sword":1,"minecraft:cooked_porkchop":5,"minecraft:crafting_table":6,"minecraft:spruce_planks":72,"minecraft:wooden_pickaxe":1,"minecraft:iron_sword":1,"minecraft:furnace":2,"minecraft:cooked_mutton":3,"minecraft:air":0,"minecraft:bow":1,"minecraft:stick":48,"minecraft:iron_ingot":4,"minecraft:iron_pickaxe":1,"minecraft:stone_pickaxe":2,"minecraft:wooden_axe":2,"minecraft:stone_sword":1,"minecraft:torch":4},"minecraft:mined":{"minecraft:tuff":26,"minecraft:mangrove_roots":1,"minecraft:crafting_table":7,"minecraft:glow_lichen":1,"minecraft:torch":5,"minecraft:cave_vines_plant":2,"minecraft:granite":6,"minecraft:short_grass":26,"minecraft:oak_wood":6,"minecraft:cobblestone":13,"minecraft:spruce_leaves":7,"minecraft:deepslate_gold_ore":8,"minecraft:oak_planks":3,"minecraft:rooted_dirt":1,"minecraft:wall_torch":8,"minecraft:large_fern":17,"minecraft:coarse_dirt":1,"minecraft:furnace":4,"minecraft:iron_ore":5,"minecraft:cobbled_deepslate":1,"minecraft:sweet_berry_bush":67,"minecraft:spruce_log":33,"minecraft:stripped_spruce_log":1,"minecraft:coal_ore":31,"minecraft:oak_log":15,"minecraft:cave_vines":3,"minecraft:deepslate_iron_ore":27,"minecraft:dirt":2,"minecraft:cobweb":26,"minecraft:stone":61,"minecraft:deepslate":71,"minecraft:fern":13},"minecraft:killed":{"minecraft:cave_spider":12,"minecraft:pig":2,"minecraft:spider":1,"minecraft:sheep":1,"minecraft:skeleton":4,"minecraft:zombie":4,"minecraft:chicken":1},"minecraft:used":{"minecraft:cooked_mutton":3,"minecraft:stone_sword":113,"minecraft:stone_pickaxe":209,"minecraft:iron_sword":77,"minecraft:spruce_planks":3,"minecraft:wooden_pickaxe":11,"minecraft:torch":14,"minecraft:dirt":5,"minecraft:mutton":1,"minecraft:crafting_table":11,"minecraft:tuff":33,"minecraft:wooden_axe":62,"minecraft:iron_pickaxe":46,"minecraft:rooted_dirt":1,"minecraft:cobblestone":42,"minecraft:bow":6,"minecraft:mangrove_roots":1,"minecraft:sweet_berries":139,"minecraft:furnace":4,"minecraft:cooked_porkchop":3,"minecraft:coarse_dirt":3,"minecraft:cobbled_deepslate":56}},"DataVersion":3953}