{"stats":{"minecraft:dropped":{"minecraft:porkchop":3,"minecraft:wheat_seeds":8,"minecraft:coarse_dirt":5,"minecraft:crafting_table":7,"minecraft:tuff":3,"minecraft:feather":2,"minecraft:rotten_flesh":6,"minecraft:dirt":2,"minecraft:wooden_axe":3,"minecraft:spider_eye":4,"minecraft:stone_pickaxe":1,"minecraft:string":4,"minecraft:bone":1},"minecraft:custom":{"minecraft:interact_with_furnace":8,"minecraft:mob_kills":13,"minecraft:interact_with_crafting_table":8,"minecraft:leave_game":2,"minecraft:time_since_death":53647,"minecraft:time_since_rest":53647,"minecraft:sprint_one_cm":142184,"minecraft:damage_taken":943,"minecraft:walk_one_cm":60882,"minecraft:drop":49,"minecraft:damage_dealt":2545,"minecraft:swim_one_cm":18134,"minecraft:fly_one_cm":145685,"minecraft:crouch_one_cm":5565,"minecraft:play_time":53647,"minecraft:sneak_time":3258,"minecraft:walk_under_water_one_cm":6224,"minecraft:jump":1153,"minecraft:walk_on_water_one_cm":16031,"minecraft:total_world_time":53647,"minecraft:fall_one_cm":23809},"minecraft:picked_up":{"minecraft:wooden_axe":2,"minecraft:crafting_table":12,"minecraft:coarse_dirt":8,"minecraft:feather":2,"minecraft:chicken":1,"minecraft:tuff":18,"minecraft:oak_log":14,"minecraft:string":5,"minecraft:dirt":7,"minecraft:bone":2,"minecraft:wheat_seeds":8,"minecraft:diamond_leggings":1,"minecraft:cobbled_deepslate":63,"minecraft:raw_gold":6,"minecraft:iron_ingot":1,"minecraft:diamond_helmet":1,"minecraft:furnace":2,"minecraft:raw_iron":15,"minecraft:sweet_berries":217,"minecraft:torch":6,"minecraft:porkchop":8,"minecraft:stripped_spruce_log":1,"minecraft:spruce_log":33,"minecraft:spider_eye":4,"minecraft:oak_wood":6,"minecraft:rotten_flesh":6,"minecraft:arrow":6,"minecraft:diamond_chestplate":1,"minecraft:granite":6,"minecraft:mangrove_roots":1,"minecraft:rooted_dirt":1,"minecraft:mutton":4,"minecraft:coal":59,"minecraft:cobblestone":59},"minecraft:crafted":{"minecraft:wooden_sword":1,"minecraft:crafting_table":5,"minecraft:spruce_planks":72,"minecraft:wooden_pickaxe":1,"minecraft:iron_sword":1,"minecraft:furnace":2,"minecraft:air":0,"minecraft:stick":48,"minecraft:iron_ingot":4,"minecraft:iron_pickaxe":1,"minecraft:stone_pickaxe":2,"minecraft:wooden_axe":2,"minecraft:stone_sword":1,"minecraft:torch":4},"minecraft:mined":{"minecraft:tuff":16,"minecraft:mangrove_roots":1,"minecraft:crafting_table":6,"minecraft:glow_lichen":1,"minecraft:torch":3,"minecraft:granite":6,"minecraft:short_grass":26,"minecraft:oak_wood":6,"minecraft:cobblestone":9,"minecraft:spruce_leaves":7,"minecraft:rooted_dirt":1,"minecraft:wall_torch":2,"minecraft:large_fern":17,"minecraft:coarse_dirt":1,"minecraft:furnace":2,"minecraft:iron_ore":5,"minecraft:cobbled_deepslate":1,"minecraft:sweet_berry_bush":67,"minecraft:spruce_log":33,"minecraft:stripped_spruce_log":1,"minecraft:coal_ore":31,"minecraft:oak_log":15,"minecraft:deepslate_iron_ore":7,"minecraft:dirt":2,"minecraft:stone":61,"minecraft:deepslate":56,"minecraft:fern":13},"minecraft:killed":{"minecraft:pig":2,"minecraft:spider":1,"minecraft:sheep":1,"minecraft:skeleton":4,"minecraft:zombie":4,"minecraft:chicken":1},"minecraft:used":{"minecraft:stone_sword":113,"minecraft:stone_pickaxe":195,"minecraft:spruce_planks":3,"minecraft:wooden_pickaxe":11,"minecraft:torch":5,"minecraft:dirt":5,"minecraft:crafting_table":10,"minecraft:tuff":15,"minecraft:wooden_axe":58,"minecraft:rooted_dirt":1,"minecraft:cobblestone":40,"minecraft:mangrove_roots":1,"minecraft:sweet_berries":98,"minecraft:furnace":2,"minecraft:coarse_dirt":3,"minecraft:cobbled_deepslate":56}},"DataVersion":3953}