{"stats":{"minecraft:picked_up":{"minecraft:wooden_axe":3,"minecraft:anvil":2,"minecraft:potion":7,"minecraft:brewing_stand":3,"minecraft:string":142,"minecraft:diamond_leggings":2,"minecraft:gold_nugget":58,"minecraft:cobbled_deepslate":176,"minecraft:bucket":1,"minecraft:spruce_planks":161,"minecraft:ender_eye":1,"minecraft:enchanted_golden_apple":98,"minecraft:iron_pickaxe":1,"minecraft:furnace":11,"minecraft:iron_boots":2,"minecraft:tipped_arrow":112,"minecraft:stick":9,"minecraft:oak_fence":2,"minecraft:torch":100,"minecraft:spruce_stairs":1,"minecraft:porkchop":43,"minecraft:end_crystal":110,"minecraft:gray_shulker_box":2,"minecraft:stone_sword":2,"minecraft:rotten_flesh":74,"minecraft:mangrove_roots":1,"minecraft:netherite_chestplate":6,"minecraft:obsidian":38,"minecraft:cod":8,"minecraft:cobblestone":215,"minecraft:enchanting_table":2,"minecraft:feather":11,"minecraft:cooked_beef":2,"minecraft:andesite":10,"minecraft:tuff":60,"minecraft:netherite_leggings":5,"minecraft:lapis_lazuli":197,"minecraft:dirt":207,"minecraft:bone":29,"minecraft:bow":3,"minecraft:wheat_seeds":15,"minecraft:raw_gold":79,"minecraft:netherite_axe":1,"minecraft:diamond_helmet":2,"minecraft:oak_planks":5,"minecraft:chiseled_polished_blackstone":1,"minecraft:sand":38,"minecraft:stripped_spruce_log":2,"minecraft:ink_sac":2,"minecraft:mossy_cobblestone":5,"minecraft:diamond":23,"minecraft:netherite_helmet":6,"minecraft:granite":6,"minecraft:bone_meal":2,"minecraft:golden_apple":2,"minecraft:bread":3,"minecraft:rooted_dirt":2,"minecraft:netherrack":43,"minecraft:crimson_roots":3,"minecraft:coarse_dirt":65,"minecraft:spruce_leaves":149,"minecraft:crafting_table":23,"minecraft:azure_bluet":1,"minecraft:chicken":10,"minecraft:gold_block":3,"minecraft:cornflower":2,"minecraft:iron_axe":2,"minecraft:detector_rail":7,"minecraft:netherite_sword":3,"minecraft:beef":12,"minecraft:spruce_slab":5,"minecraft:birch_sapling":2,"minecraft:chest":1,"minecraft:egg":1,"minecraft:raw_iron":284,"minecraft:polished_deepslate_slab":1,"minecraft:oak_door":1,"minecraft:redstone":73,"minecraft:netherite_pickaxe":1,"minecraft:tnt":2,"minecraft:arrow":45,"minecraft:diamond_chestplate":2,"minecraft:hay_block":23,"minecraft:totem_of_undying":3,"minecraft:saddle":1,"minecraft:gold_ingot":1,"minecraft:mutton":10,"minecraft:glow_berries":27,"minecraft:white_wool":5,"minecraft:rail":2,"minecraft:netherite_boots":3,"minecraft:glow_ink_sac":23,"minecraft:salmon":21,"minecraft:leather":8,"minecraft:oak_log":14,"minecraft:gunpowder":2,"minecraft:cobblestone_stairs":1,"minecraft:kelp":22,"minecraft:iron_ingot":6,"minecraft:cooked_chicken":1,"minecraft:glass_bottle":1,"minecraft:iron_sword":3,"minecraft:oak_slab":7,"minecraft:sweet_berries":308,"minecraft:quartz":10,"minecraft:gravel":6,"minecraft:spruce_sapling":6,"minecraft:blast_furnace":1,"minecraft:white_bed":3,"minecraft:spruce_log":171,"minecraft:spider_eye":12,"minecraft:oak_wood":6,"minecraft:pumpkin_seeds":4,"minecraft:melon_seeds":11,"minecraft:coal":149,"minecraft:ender_pearl":1},"minecraft:mined":{"minecraft:spruce_planks":34,"minecraft:white_bed":5,"minecraft:farmland":2,"minecraft:mossy_stone_brick_slab":1,"minecraft:cobblestone_stairs":1,"minecraft:brewing_stand":3,"minecraft:cave_vines_plant":2,"minecraft:granite":6,"minecraft:chiseled_polished_blackstone":1,"minecraft:grass_block":14,"minecraft:crimson_fungus":1,"minecraft:spawner":4,"minecraft:weeping_vines_plant":1,"minecraft:tall_seagrass":1,"minecraft:glowstone":1,"minecraft:cobbled_deepslate":9,"minecraft:iron_ore":75,"minecraft:fire":1,"minecraft:deepslate_lapis_ore":16,"minecraft:cave_vines":6,"minecraft:polished_deepslate_slab":1,"minecraft:spruce_slab":5,"minecraft:deepslate_redstone_ore":12,"minecraft:crimson_nylium":6,"minecraft:torch":34,"minecraft:blast_furnace":2,"minecraft:calcite":1,"minecraft:nether_quartz_ore":14,"minecraft:cobblestone":63,"minecraft:oak_planks":3,"minecraft:wall_torch":31,"minecraft:tnt":6,"minecraft:oak_log":15,"minecraft:sand":32,"minecraft:dirt":26,"minecraft:netherrack":24,"minecraft:oak_leaves":16,"minecraft:deepslate":145,"minecraft:nether_gold_ore":15,"minecraft:tuff":33,"minecraft:mossy_cobblestone":3,"minecraft:deepslate_diamond_ore":10,"minecraft:oak_door":1,"minecraft:gray_shulker_box":1,"minecraft:mangrove_roots":1,"minecraft:glow_lichen":2,"minecraft:crimson_roots":10,"minecraft:spruce_leaves":304,"minecraft:rooted_dirt":2,"minecraft:large_fern":35,"minecraft:hay_block":23,"minecraft:furnace":9,"minecraft:andesite":8,"minecraft:stripped_spruce_log":1,"minecraft:gold_block":2,"minecraft:deepslate_iron_ore":93,"minecraft:rail":1,"minecraft:stone":159,"minecraft:podzol":6,"minecraft:oak_slab":6,"minecraft:oak_fence":2,"minecraft:crafting_table":15,"minecraft:cornflower":1,"minecraft:short_grass":88,"minecraft:oak_wood":6,"minecraft:tall_grass":2,"minecraft:lapis_ore":1,"minecraft:deepslate_gold_ore":33,"minecraft:spruce_stairs":1,"minecraft:coarse_dirt":26,"minecraft:sweet_berry_bush":123,"minecraft:spruce_log":166,"minecraft:birch_leaves":1,"minecraft:coal_ore":54,"minecraft:gravel":2,"minecraft:cobweb":123,"minecraft:fern":25},"minecraft:killed_by":{"minecraft:creeper":1,"minecraft:drowned":1,"minecraft:zombie":1,"minecraft:player":1,"minecraft:spider":1,"minecraft:skeleton":1},"minecraft:killed":{"minecraft:cave_spider":32,"minecraft:spider":9,"minecraft:skeleton":31,"minecraft:chicken":2,"minecraft:piglin":4,"minecraft:pig":11,"minecraft:salmon":3,"minecraft:creeper":2,"minecraft:sheep":6,"minecraft:zombie":80,"minecraft:cow":6,"minecraft:bat":5,"minecraft:hoglin":3,"minecraft:player":1,"minecraft:enderman":1},"minecraft:broken":{"minecraft:shears":1,"minecraft:iron_boots":1,"minecraft:netherite_leggings":1,"minecraft:netherite_helmet":1,"minecraft:iron_pickaxe":1,"minecraft:netherite_boots":1},"minecraft:crafted":{"minecraft:oak_planks":80,"minecraft:cooked_chicken":1,"minecraft:cobblestone_stairs":20,"minecraft:cooked_mutton":7,"minecraft:glass":30,"minecraft:bow":1,"minecraft:iron_boots":1,"minecraft:oak_fence":36,"minecraft:oak_slab":42,"minecraft:cooked_porkchop":26,"minecraft:crafting_table":6,"minecraft:spruce_planks":312,"minecraft:wooden_pickaxe":1,"minecraft:iron_helmet":2,"minecraft:iron_chestplate":2,"minecraft:diamond_pickaxe":1,"minecraft:stick":100,"minecraft:iron_ingot":121,"minecraft:iron_pickaxe":5,"minecraft:stone_sword":1,"minecraft:gold_ingot":9,"minecraft:shears":1,"minecraft:wooden_sword":1,"minecraft:oak_door":6,"minecraft:furnace":3,"minecraft:spruce_stairs":8,"minecraft:iron_axe":3,"minecraft:ladder":6,"minecraft:spruce_slab":12,"minecraft:iron_hoe":1,"minecraft:stone_pickaxe":2,"minecraft:iron_sword":5,"minecraft:cooked_salmon":3,"minecraft:bucket":1,"minecraft:air":0,"minecraft:wooden_axe":2,"minecraft:iron_leggings":2,"minecraft:torch":8},"minecraft:custom":{"minecraft:interact_with_crafting_table":63,"minecraft:open_shulker_box":3,"minecraft:leave_game":3,"minecraft:time_since_death":4192,"minecraft:damage_resisted":3581,"minecraft:sprint_one_cm":1254177,"minecraft:drop":275,"minecraft:talked_to_villager":1,"minecraft:play_time":374781,"minecraft:deaths":7,"minecraft:jump":7022,"minecraft:interact_with_brewingstand":1,"minecraft:walk_on_water_one_cm":70291,"minecraft:enchant_item":24,"minecraft:interact_with_furnace":85,"minecraft:sleep_in_bed":2,"minecraft:damage_dealt":32093,"minecraft:player_kills":1,"minecraft:crouch_one_cm":41465,"minecraft:interact_with_smoker":4,"minecraft:interact_with_anvil":1,"minecraft:mob_kills":201,"minecraft:climb_one_cm":29108,"minecraft:walk_one_cm":505549,"minecraft:sneak_time":15818,"minecraft:walk_under_water_one_cm":19530,"minecraft:interact_with_blast_furnace":19,"minecraft:total_world_time":374781,"minecraft:time_since_rest":4217,"minecraft:damage_taken":12564,"minecraft:damage_absorbed":8401,"minecraft:swim_one_cm":115961,"minecraft:fly_one_cm":1226261,"minecraft:open_chest":69,"minecraft:fall_one_cm":173762},"minecraft:dropped":{"minecraft:iron_sword":5,"minecraft:porkchop":3,"minecraft:glow_ink_sac":13,"minecraft:crafting_table":8,"minecraft:cooked_porkchop":70,"minecraft:glow_berries":12,"minecraft:rooted_dirt":1,"minecraft:leather":1,"minecraft:rail":1,"minecraft:cod":7,"minecraft:spruce_leaves":72,"minecraft:gold_block":1,"minecraft:dirt":71,"minecraft:cornflower":1,"minecraft:crimson_roots":3,"minecraft:netherite_boots":2,"minecraft:bone_meal":1,"minecraft:iron_pickaxe":2,"minecraft:white_wool":5,"minecraft:gold_ingot":2,"minecraft:bone":1,"minecraft:gravel":6,"minecraft:chiseled_polished_blackstone":1,"minecraft:detector_rail":7,"minecraft:netherite_sword":3,"minecraft:rotten_flesh":33,"minecraft:azure_bluet":1,"minecraft:white_bed":1,"minecraft:salmon":14,"minecraft:melon_seeds":12,"minecraft:gray_shulker_box":1,"minecraft:arrow":1,"minecraft:netherrack":40,"minecraft:enchanting_table":3,"minecraft:egg":1,"minecraft:bread":3,"minecraft:wheat_seeds":14,"minecraft:tnt":2,"minecraft:mossy_cobblestone":3,"minecraft:netherite_axe":1,"minecraft:netherite_chestplate":4,"minecraft:netherite_helmet":3,"minecraft:iron_helmet":2,"minecraft:feather":2,"minecraft:cobblestone":20,"minecraft:granite":6,"minecraft:golden_apple":1,"minecraft:stick":3,"minecraft:ink_sac":2,"minecraft:torch":3,"minecraft:wooden_axe":5,"minecraft:potion":1,"minecraft:iron_leggings":2,"minecraft:iron_axe":2,"minecraft:string":4,"minecraft:bucket":1,"minecraft:spruce_sapling":6,"minecraft:furnace":1,"minecraft:anvil":1,"minecraft:kelp":22,"minecraft:sweet_berries":13,"minecraft:stone_sword":2,"minecraft:coarse_dirt":8,"minecraft:tuff":3,"minecraft:chicken":7,"minecraft:iron_boots":2,"minecraft:netherite_leggings":3,"minecraft:spruce_planks":39,"minecraft:andesite":2,"minecraft:iron_chestplate":2,"minecraft:diamond_pickaxe":1,"minecraft:spider_eye":7,"minecraft:bow":3,"minecraft:stone_pickaxe":2,"minecraft:wooden_pickaxe":1},"minecraft:used":{"minecraft:spruce_slab":14,"minecraft:ladder":4,"minecraft:chest":1,"minecraft:iron_sword":847,"minecraft:spruce_leaves":31,"minecraft:mutton":3,"minecraft:tuff":52,"minecraft:glass":5,"minecraft:lava_bucket":8,"minecraft:netherite_boots":2,"minecraft:bow":27,"minecraft:sweet_berries":244,"minecraft:mangrove_roots":1,"minecraft:furnace":12,"minecraft:stone_pickaxe":209,"minecraft:oak_planks":2,"minecraft:wooden_pickaxe":11,"minecraft:glow_berries":12,"minecraft:netherite_leggings":3,"minecraft:blast_furnace":1,"minecraft:netherite_helmet":3,"minecraft:shears":238,"minecraft:gray_shulker_box":3,"minecraft:bread":24,"minecraft:andesite":8,"minecraft:coarse_dirt":14,"minecraft:oak_fence":32,"minecraft:netherite_sword":665,"minecraft:enchanting_table":3,"minecraft:stone_sword":113,"minecraft:spruce_planks":154,"minecraft:cooked_salmon":3,"minecraft:cooked_chicken":1,"minecraft:netherrack":3,"minecraft:oak_door":6,"minecraft:torch":97,"minecraft:brewing_stand":1,"minecraft:dirt":226,"minecraft:anvil":1,"minecraft:spruce_stairs":4,"minecraft:diamond_helmet":1,"minecraft:iron_hoe":27,"minecraft:wooden_axe":69,"minecraft:iron_axe":253,"minecraft:rooted_dirt":1,"minecraft:totem_of_undying":3,"minecraft:netherite_pickaxe":26,"minecraft:cooked_beef":2,"minecraft:cobbled_deepslate":158,"minecraft:enchanted_golden_apple":61,"minecraft:golden_axe":11,"minecraft:cooked_mutton":7,"minecraft:water_bucket":6,"minecraft:cobblestone_stairs":21,"minecraft:netherite_chestplate":2,"minecraft:polished_deepslate_slab":1,"minecraft:mossy_cobblestone":2,"minecraft:oak_slab":44,"minecraft:crafting_table":20,"minecraft:white_bed":1,"minecraft:diamond_pickaxe":1,"minecraft:iron_pickaxe":605,"minecraft:netherite_axe":187,"minecraft:cobblestone":127,"minecraft:potion":2,"minecraft:cooked_porkchop":21,"minecraft:bucket":14}},"DataVersion":3953}