{"stats":{"minecraft:used":{"minecraft:wooden_axe":46,"minecraft:stone_sword":22,"minecraft:rabbit":2,"minecraft:stone_pickaxe":83,"minecraft:wooden_pickaxe":28,"minecraft:dirt":10,"minecraft:crafting_table":3},"minecraft:crafted":{"minecraft:crafting_table":1,"minecraft:spruce_planks":72,"minecraft:stick":8,"minecraft:wooden_pickaxe":1,"minecraft:stone_pickaxe":1,"minecraft:wooden_axe":1,"minecraft:stone_sword":1},"minecraft:mined":{"minecraft:iron_ore":4,"minecraft:spruce_log":18,"minecraft:andesite":82,"minecraft:dandelion":1,"minecraft:crafting_table":2,"minecraft:short_grass":13,"minecraft:grass_block":16,"minecraft:vine":3,"minecraft:dirt_path":4,"minecraft:gravel":17,"minecraft:dirt":28,"minecraft:spruce_wood":10,"minecraft:spruce_leaves":24,"minecraft:stone":5},"minecraft:killed":{"minecraft:pig":1,"minecraft:rabbit":2},"minecraft:custom":{"minecraft:time_since_rest":44301,"minecraft:sprint_one_cm":41425,"minecraft:damage_taken":50,"minecraft:walk_one_cm":42664,"minecraft:mob_kills":3,"minecraft:damage_dealt":174,"minecraft:interact_with_crafting_table":4,"minecraft:fly_one_cm":39006,"minecraft:crouch_one_cm":49,"minecraft:play_time":44301,"minecraft:sneak_time":19,"minecraft:jump":197,"minecraft:leave_game":2,"minecraft:time_since_death":44301,"minecraft:total_world_time":44301,"minecraft:climb_one_cm":8,"minecraft:fall_one_cm":2837},"minecraft:picked_up":{"minecraft:raw_iron":4,"minecraft:crafting_table":2,"minecraft:andesite":77,"minecraft:dandelion":4,"minecraft:gravel":15,"minecraft:porkchop":2,"minecraft:flint":2,"minecraft:spruce_sapling":5,"minecraft:spruce_log":18,"minecraft:dirt":47,"minecraft:wheat_seeds":2,"minecraft:rabbit_hide":2,"minecraft:spruce_wood":9,"minecraft:rabbit":2,"minecraft:cobblestone":5}},"DataVersion":3953}