{"stats":{"minecraft:dropped":{"minecraft:sweet_berries":2,"minecraft:diamond_leggings":1,"minecraft:diamond_chestplate":1,"minecraft:diamond_helmet":1,"minecraft:raw_gold":6},"minecraft:custom":{"minecraft:interact_with_furnace":5,"minecraft:mob_kills":4,"minecraft:interact_with_crafting_table":20,"minecraft:leave_game":3,"minecraft:time_since_death":45964,"minecraft:time_since_rest":45994,"minecraft:sprint_one_cm":33171,"minecraft:damage_taken":1204,"minecraft:walk_one_cm":69306,"minecraft:drop":11,"minecraft:damage_dealt":513,"minecraft:fly_one_cm":46036,"minecraft:crouch_one_cm":1270,"minecraft:play_time":50951,"minecraft:deaths":4,"minecraft:sneak_time":499,"minecraft:walk_under_water_one_cm":1319,"minecraft:jump":587,"minecraft:walk_on_water_one_cm":632,"minecraft:total_world_time":50951,"minecraft:fall_one_cm":13286},"minecraft:picked_up":{"minecraft:birch_log":6,"minecraft:coarse_dirt":3,"minecraft:crafting_table":9,"minecraft:birch_planks":10,"minecraft:tuff":92,"minecraft:lapis_lazuli":81,"minecraft:dirt":11,"minecraft:raw_copper":5,"minecraft:wheat_seeds":3,"minecraft:cobbled_deepslate":187,"minecraft:raw_gold":28,"minecraft:iron_ingot":1,"minecraft:furnace":2,"minecraft:raw_iron":10,"minecraft:stick":14,"minecraft:sweet_berries":68,"minecraft:torch":2,"minecraft:spruce_log":1,"minecraft:arrow":2,"minecraft:diamond":47,"minecraft:granite":16,"minecraft:coal":45,"minecraft:cobblestone":140},"minecraft:killed_by":{"minecraft:wolf":1},"minecraft:crafted":{"minecraft:diamond_sword":1,"minecraft:spruce_planks":2,"minecraft:wooden_pickaxe":1,"minecraft:furnace":1,"minecraft:birch_planks":24,"minecraft:diamond_helmet":2,"minecraft:diamond_leggings":2,"minecraft:stick":30,"minecraft:iron_ingot":9,"minecraft:iron_pickaxe":2,"minecraft:stone_pickaxe":3,"minecraft:wooden_axe":1,"minecraft:diamond_boots":1,"minecraft:torch":24,"minecraft:diamond_chestplate":2},"minecraft:mined":{"minecraft:podzol":1,"minecraft:tuff":96,"minecraft:deepslate_diamond_ore":47,"minecraft:crafting_table":9,"minecraft:cornflower":1,"minecraft:torch":2,"minecraft:granite":16,"minecraft:short_grass":6,"minecraft:grass_block":1,"minecraft:copper_ore":1,"minecraft:cobblestone":1,"minecraft:spruce_leaves":2,"minecraft:lapis_ore":8,"minecraft:deepslate_gold_ore":28,"minecraft:oxeye_daisy":1,"minecraft:large_fern":13,"minecraft:coarse_dirt":3,"minecraft:furnace":2,"minecraft:birch_log":7,"minecraft:cobbled_deepslate":3,"minecraft:sweet_berry_bush":30,"minecraft:spruce_log":1,"minecraft:deepslate_lapis_ore":4,"minecraft:coal_ore":46,"minecraft:deepslate_iron_ore":10,"minecraft:dirt":1,"minecraft:stone":132,"minecraft:deepslate":189,"minecraft:fern":10},"minecraft:killed":{"minecraft:wolf":2,"minecraft:skeleton":2},"minecraft:used":{"minecraft:diamond_boots":1,"minecraft:stone_pickaxe":153,"minecraft:wooden_pickaxe":12,"minecraft:torch":2,"minecraft:dirt":1,"minecraft:crafting_table":8,"minecraft:diamond_helmet":1,"minecraft:tuff":91,"minecraft:wooden_axe":9,"minecraft:iron_pickaxe":421,"minecraft:diamond_chestplate":1,"minecraft:diamond_sword":6,"minecraft:cobblestone":58,"minecraft:sweet_berries":15,"minecraft:furnace":2,"minecraft:coarse_dirt":2,"minecraft:cobbled_deepslate":4,"minecraft:diamond_leggings":1}},"DataVersion":3953}