{"stats":{"minecraft:dropped":{"minecraft:stick":15,"minecraft:spruce_planks":32},"minecraft:killed_by":{"minecraft:skeleton":1},"minecraft:used":{"minecraft:stone_sword":79,"minecraft:spruce_door":1,"minecraft:rabbit":2,"minecraft:stone_pickaxe":131,"minecraft:chest":1,"minecraft:wooden_pickaxe":30,"minecraft:iron_sword":28,"minecraft:dirt":64,"minecraft:mutton":2,"minecraft:crafting_table":4,"minecraft:spruce_stairs":5,"minecraft:wooden_axe":54,"minecraft:iron_axe":71,"minecraft:iron_pickaxe":159,"minecraft:cobblestone":8,"minecraft:furnace":2,"minecraft:porkchop":4,"minecraft:andesite":27},"minecraft:crafted":{"minecraft:cooked_porkchop":7,"minecraft:crafting_table":1,"minecraft:spruce_planks":332,"minecraft:wooden_pickaxe":1,"minecraft:iron_sword":1,"minecraft:spruce_door":3,"minecraft:furnace":2,"minecraft:spruce_stairs":8,"minecraft:iron_axe":1,"minecraft:stick":64,"minecraft:iron_ingot":44,"minecraft:iron_pickaxe":1,"minecraft:stone_pickaxe":1,"minecraft:wooden_axe":1,"minecraft:stone_sword":1,"minecraft:chest":1,"minecraft:torch":4},"minecraft:mined":{"minecraft:dandelion":7,"minecraft:crafting_table":3,"minecraft:short_grass":41,"minecraft:grass_block":22,"minecraft:cobblestone":8,"minecraft:spruce_leaves":26,"minecraft:spruce_stairs":1,"minecraft:iron_ore":50,"minecraft:spruce_log":18,"minecraft:andesite":155,"minecraft:coal_ore":19,"minecraft:dirt_path":4,"minecraft:vine":13,"minecraft:gravel":17,"minecraft:dirt":43,"minecraft:spruce_wood":69,"minecraft:stone":56},"minecraft:broken":{"minecraft:stone_pickaxe":1},"minecraft:killed":{"minecraft:pig":5,"minecraft:rabbit":2,"minecraft:sheep":1,"minecraft:skeleton":2},"minecraft:custom":{"minecraft:interact_with_furnace":11,"minecraft:mob_kills":11,"minecraft:interact_with_crafting_table":24,"minecraft:leave_game":3,"minecraft:time_since_death":44399,"minecraft:climb_one_cm":689,"minecraft:time_since_rest":44431,"minecraft:sprint_one_cm":102760,"minecraft:damage_taken":470,"minecraft:walk_one_cm":124743,"minecraft:drop":47,"minecraft:damage_dealt":1118,"minecraft:fly_one_cm":88232,"minecraft:open_chest":26,"minecraft:crouch_one_cm":185,"minecraft:play_time":91225,"minecraft:deaths":1,"minecraft:sneak_time":163,"minecraft:jump":448,"minecraft:total_world_time":91225,"minecraft:fall_one_cm":6843},"minecraft:picked_up":{"minecraft:wooden_axe":1,"minecraft:crafting_table":3,"minecraft:andesite":233,"minecraft:wooden_pickaxe":1,"minecraft:flint":4,"minecraft:dirt":119,"minecraft:bone":1,"minecraft:wheat_seeds":9,"minecraft:rabbit_hide":4,"minecraft:spruce_planks":104,"minecraft:spruce_wood":65,"minecraft:stone_pickaxe":1,"minecraft:rabbit":2,"minecraft:raw_iron":54,"minecraft:stick":15,"minecraft:dandelion":14,"minecraft:spruce_stairs":1,"minecraft:gravel":32,"minecraft:porkchop":13,"minecraft:spruce_sapling":10,"minecraft:spruce_log":18,"minecraft:stone_sword":1,"minecraft:arrow":4,"minecraft:spruce_button":4,"minecraft:mutton":2,"minecraft:coal":19,"minecraft:white_wool":1,"minecraft:cobblestone":64}},"DataVersion":3953}