{"stats":{"minecraft:dropped":{"minecraft:sweet_berries":2,"minecraft:wheat_seeds":15,"minecraft:coarse_dirt":2,"minecraft:tuff":2,"minecraft:diamond_leggings":1,"minecraft:raw_iron":7,"minecraft:granite":16,"minecraft:pumpkin_seeds":7,"minecraft:diamond_chestplate":1,"minecraft:diamond_helmet":1,"minecraft:spider_eye":2,"minecraft:sand":1,"minecraft:arrow":16,"minecraft:wooden_pickaxe":1,"minecraft:raw_gold":6,"minecraft:string":1,"minecraft:redstone":7},"minecraft:custom":{"minecraft:interact_with_furnace":9,"minecraft:mob_kills":29,"minecraft:interact_with_crafting_table":27,"minecraft:leave_game":6,"minecraft:time_since_death":108772,"minecraft:sleep_in_bed":4,"minecraft:time_since_rest":6157,"minecraft:sprint_one_cm":306226,"minecraft:damage_taken":2544,"minecraft:damage_absorbed":23,"minecraft:walk_one_cm":191121,"minecraft:drop":25,"minecraft:damage_dealt":5463,"minecraft:swim_one_cm":14502,"minecraft:fly_one_cm":177202,"minecraft:open_chest":2,"minecraft:play_time":113759,"minecraft:crouch_one_cm":3164,"minecraft:sneak_time":1428,"minecraft:deaths":4,"minecraft:walk_under_water_one_cm":10619,"minecraft:jump":1693,"minecraft:interact_with_blast_furnace":1,"minecraft:walk_on_water_one_cm":13170,"minecraft:interact_with_smoker":2,"minecraft:total_world_time":113759,"minecraft:fall_one_cm":32765},"minecraft:broken":{"minecraft:iron_pickaxe":2},"minecraft:picked_up":{"minecraft:birch_log":6,"minecraft:crafting_table":12,"minecraft:coarse_dirt":4,"minecraft:feather":2,"minecraft:birch_planks":10,"minecraft:tuff":93,"minecraft:oak_log":1,"minecraft:dirt":17,"minecraft:lapis_lazuli":81,"minecraft:cornflower":7,"minecraft:string":7,"minecraft:raw_copper":5,"minecraft:bone":13,"minecraft:wheat_seeds":19,"minecraft:cobbled_deepslate":195,"minecraft:raw_gold":36,"minecraft:iron_ingot":1,"minecraft:stone_pickaxe":1,"minecraft:oak_planks":7,"minecraft:furnace":2,"minecraft:egg":1,"minecraft:stick":14,"minecraft:raw_iron":25,"minecraft:cooked_porkchop":1,"minecraft:sweet_berries":254,"minecraft:sand":1,"minecraft:torch":20,"minecraft:porkchop":4,"minecraft:white_bed":6,"minecraft:spruce_log":10,"minecraft:redstone":7,"minecraft:spider_eye":2,"minecraft:arrow":28,"minecraft:rotten_flesh":13,"minecraft:diamond":47,"minecraft:granite":16,"minecraft:glow_berries":1,"minecraft:white_wool":3,"minecraft:coal":50,"minecraft:rail":12,"minecraft:cobblestone":173},"minecraft:killed_by":{"minecraft:wolf":1},"minecraft:crafted":{"minecraft:oak_planks":4,"minecraft:diamond_sword":1,"minecraft:cooked_porkchop":1,"minecraft:crafting_table":1,"minecraft:spruce_planks":38,"minecraft:wooden_pickaxe":1,"minecraft:furnace":1,"minecraft:bucket":1,"minecraft:birch_planks":24,"minecraft:diamond_helmet":2,"minecraft:diamond_leggings":2,"minecraft:iron_axe":1,"minecraft:ladder":3,"minecraft:stick":92,"minecraft:iron_ingot":9,"minecraft:iron_pickaxe":2,"minecraft:stone_pickaxe":3,"minecraft:wooden_axe":1,"minecraft:diamond_boots":1,"minecraft:white_bed":1,"minecraft:torch":24,"minecraft:diamond_chestplate":2},"minecraft:mined":{"minecraft:podzol":1,"minecraft:tuff":122,"minecraft:white_bed":3,"minecraft:deepslate_diamond_ore":47,"minecraft:dandelion":1,"minecraft:crafting_table":13,"minecraft:cornflower":10,"minecraft:torch":10,"minecraft:granite":16,"minecraft:short_grass":64,"minecraft:grass_block":6,"minecraft:copper_ore":1,"minecraft:cobblestone":20,"minecraft:spruce_leaves":2,"minecraft:lapis_ore":8,"minecraft:deepslate_gold_ore":36,"minecraft:oxeye_daisy":1,"minecraft:wall_torch":11,"minecraft:spawner":1,"minecraft:large_fern":31,"minecraft:coarse_dirt":4,"minecraft:furnace":3,"minecraft:birch_log":7,"minecraft:iron_ore":8,"minecraft:cobbled_deepslate":3,"minecraft:sweet_berry_bush":110,"minecraft:spruce_log":16,"minecraft:birch_leaves":2,"minecraft:deepslate_lapis_ore":4,"minecraft:coal_ore":47,"minecraft:cave_vines":5,"minecraft:deepslate_iron_ore":10,"minecraft:dirt":2,"minecraft:cobweb":3,"minecraft:stone":142,"minecraft:deepslate":210,"minecraft:fern":35},"minecraft:killed":{"minecraft:wolf":3,"minecraft:cave_spider":7,"minecraft:pig":1,"minecraft:skeleton":8,"minecraft:sheep":2,"minecraft:zombie":7,"minecraft:drowned":1},"minecraft:used":{"minecraft:water_bucket":21,"minecraft:diamond_boots":1,"minecraft:stone_pickaxe":174,"minecraft:wooden_pickaxe":12,"minecraft:torch":29,"minecraft:golden_apple":1,"minecraft:dirt":8,"minecraft:crafting_table":13,"minecraft:white_bed":6,"minecraft:diamond_helmet":1,"minecraft:tuff":91,"minecraft:wooden_axe":11,"minecraft:iron_axe":16,"minecraft:bread":3,"minecraft:iron_pickaxe":500,"minecraft:diamond_sword":458,"minecraft:diamond_chestplate":1,"minecraft:cobblestone":117,"minecraft:sweet_berries":135,"minecraft:furnace":3,"minecraft:cooked_porkchop":1,"minecraft:bucket":22,"minecraft:egg":1,"minecraft:coarse_dirt":2,"minecraft:cobbled_deepslate":4,"minecraft:diamond_leggings":1}},"DataVersion":3953}