{"stats":{"minecraft:dropped":{"minecraft:sweet_berries":2,"minecraft:wheat_seeds":15,"minecraft:coarse_dirt":2,"minecraft:tuff":2,"minecraft:raw_iron":7,"minecraft:diamond_leggings":1,"minecraft:granite":16,"minecraft:diamond_chestplate":1,"minecraft:diamond_helmet":1,"minecraft:spider_eye":1,"minecraft:arrow":4,"minecraft:wooden_pickaxe":1,"minecraft:raw_gold":6,"minecraft:string":1},"minecraft:custom":{"minecraft:interact_with_furnace":6,"minecraft:mob_kills":13,"minecraft:interact_with_crafting_table":21,"minecraft:leave_game":3,"minecraft:time_since_death":69964,"minecraft:time_since_rest":69994,"minecraft:sprint_one_cm":102393,"minecraft:damage_taken":1662,"minecraft:walk_one_cm":102979,"minecraft:drop":20,"minecraft:damage_dealt":2335,"minecraft:swim_one_cm":14502,"minecraft:fly_one_cm":136921,"minecraft:crouch_one_cm":2068,"minecraft:play_time":74951,"minecraft:deaths":4,"minecraft:sneak_time":1054,"minecraft:walk_under_water_one_cm":10392,"minecraft:jump":1168,"minecraft:walk_on_water_one_cm":11332,"minecraft:total_world_time":74951,"minecraft:fall_one_cm":27489},"minecraft:picked_up":{"minecraft:birch_log":6,"minecraft:coarse_dirt":4,"minecraft:crafting_table":10,"minecraft:feather":2,"minecraft:birch_planks":10,"minecraft:tuff":93,"minecraft:oak_log":1,"minecraft:string":1,"minecraft:cornflower":7,"minecraft:lapis_lazuli":81,"minecraft:dirt":15,"minecraft:raw_copper":5,"minecraft:bone":5,"minecraft:wheat_seeds":17,"minecraft:cobbled_deepslate":187,"minecraft:raw_gold":33,"minecraft:stone_pickaxe":1,"minecraft:iron_ingot":1,"minecraft:egg":1,"minecraft:furnace":2,"minecraft:raw_iron":24,"minecraft:stick":14,"minecraft:sweet_berries":251,"minecraft:torch":10,"minecraft:porkchop":3,"minecraft:spruce_log":1,"minecraft:spider_eye":1,"minecraft:arrow":8,"minecraft:rotten_flesh":8,"minecraft:diamond":47,"minecraft:granite":16,"minecraft:coal":45,"minecraft:white_wool":3,"minecraft:cobblestone":142},"minecraft:killed_by":{"minecraft:wolf":1},"minecraft:crafted":{"minecraft:oak_planks":4,"minecraft:diamond_sword":1,"minecraft:cooked_porkchop":1,"minecraft:spruce_planks":2,"minecraft:wooden_pickaxe":1,"minecraft:furnace":1,"minecraft:bucket":1,"minecraft:birch_planks":24,"minecraft:diamond_helmet":2,"minecraft:diamond_leggings":2,"minecraft:stick":30,"minecraft:iron_ingot":9,"minecraft:iron_pickaxe":2,"minecraft:stone_pickaxe":3,"minecraft:wooden_axe":1,"minecraft:diamond_boots":1,"minecraft:torch":24,"minecraft:diamond_chestplate":2},"minecraft:mined":{"minecraft:podzol":1,"minecraft:tuff":96,"minecraft:deepslate_diamond_ore":47,"minecraft:dandelion":1,"minecraft:crafting_table":10,"minecraft:cornflower":10,"minecraft:torch":8,"minecraft:granite":16,"minecraft:short_grass":60,"minecraft:grass_block":4,"minecraft:copper_ore":1,"minecraft:cobblestone":1,"minecraft:spruce_leaves":2,"minecraft:lapis_ore":8,"minecraft:deepslate_gold_ore":34,"minecraft:oxeye_daisy":1,"minecraft:wall_torch":4,"minecraft:large_fern":31,"minecraft:coarse_dirt":4,"minecraft:furnace":2,"minecraft:iron_ore":8,"minecraft:birch_log":7,"minecraft:cobbled_deepslate":3,"minecraft:sweet_berry_bush":109,"minecraft:spruce_log":1,"minecraft:birch_leaves":2,"minecraft:deepslate_lapis_ore":4,"minecraft:coal_ore":46,"minecraft:deepslate_iron_ore":10,"minecraft:dirt":2,"minecraft:stone":134,"minecraft:deepslate":189,"minecraft:fern":35},"minecraft:killed":{"minecraft:wolf":3,"minecraft:pig":1,"minecraft:sheep":2,"minecraft:skeleton":4,"minecraft:zombie":2,"minecraft:drowned":1},"minecraft:used":{"minecraft:water_bucket":12,"minecraft:diamond_boots":1,"minecraft:stone_pickaxe":163,"minecraft:wooden_pickaxe":12,"minecraft:torch":11,"minecraft:dirt":8,"minecraft:crafting_table":9,"minecraft:diamond_helmet":1,"minecraft:tuff":91,"minecraft:wooden_axe":11,"minecraft:iron_pickaxe":427,"minecraft:diamond_chestplate":1,"minecraft:diamond_sword":275,"minecraft:cobblestone":71,"minecraft:sweet_berries":76,"minecraft:furnace":2,"minecraft:cooked_porkchop":1,"minecraft:bucket":13,"minecraft:egg":1,"minecraft:coarse_dirt":2,"minecraft:cobbled_deepslate":4,"minecraft:diamond_leggings":1}},"DataVersion":3953}