{"stats":{"minecraft:dropped":{"minecraft:stick":15,"minecraft:spruce_planks":32},"minecraft:killed_by":{"minecraft:skeleton":1},"minecraft:used":{"minecraft:stone_sword":79,"minecraft:spruce_door":1,"minecraft:rabbit":2,"minecraft:stone_pickaxe":131,"minecraft:chest":1,"minecraft:wooden_pickaxe":30,"minecraft:dirt":64,"minecraft:mutton":2,"minecraft:crafting_table":4,"minecraft:spruce_stairs":5,"minecraft:wooden_axe":54,"minecraft:iron_axe":71,"minecraft:iron_pickaxe":55,"minecraft:cobblestone":8,"minecraft:furnace":1,"minecraft:porkchop":4,"minecraft:andesite":6},"minecraft:crafted":{"minecraft:crafting_table":1,"minecraft:spruce_planks":328,"minecraft:wooden_pickaxe":1,"minecraft:iron_sword":1,"minecraft:spruce_door":3,"minecraft:furnace":1,"minecraft:spruce_stairs":8,"minecraft:iron_axe":1,"minecraft:stick":64,"minecraft:iron_ingot":10,"minecraft:iron_pickaxe":1,"minecraft:stone_pickaxe":1,"minecraft:wooden_axe":1,"minecraft:stone_sword":1,"minecraft:chest":1},"minecraft:mined":{"minecraft:dandelion":7,"minecraft:crafting_table":3,"minecraft:short_grass":30,"minecraft:grass_block":20,"minecraft:cobblestone":8,"minecraft:spruce_leaves":26,"minecraft:spruce_stairs":1,"minecraft:iron_ore":10,"minecraft:spruce_log":18,"minecraft:andesite":100,"minecraft:coal_ore":19,"minecraft:dirt_path":4,"minecraft:vine":13,"minecraft:gravel":17,"minecraft:dirt":41,"minecraft:spruce_wood":69,"minecraft:stone":51},"minecraft:broken":{"minecraft:stone_pickaxe":1},"minecraft:killed":{"minecraft:pig":2,"minecraft:rabbit":2,"minecraft:sheep":1,"minecraft:skeleton":2},"minecraft:custom":{"minecraft:interact_with_furnace":4,"minecraft:mob_kills":8,"minecraft:interact_with_crafting_table":20,"minecraft:leave_game":2,"minecraft:time_since_death":33475,"minecraft:climb_one_cm":689,"minecraft:time_since_rest":33507,"minecraft:sprint_one_cm":85397,"minecraft:damage_taken":470,"minecraft:walk_one_cm":99732,"minecraft:drop":47,"minecraft:damage_dealt":816,"minecraft:fly_one_cm":78319,"minecraft:open_chest":19,"minecraft:crouch_one_cm":185,"minecraft:play_time":80301,"minecraft:deaths":1,"minecraft:sneak_time":154,"minecraft:jump":381,"minecraft:total_world_time":80301,"minecraft:fall_one_cm":6216},"minecraft:picked_up":{"minecraft:wooden_axe":1,"minecraft:crafting_table":3,"minecraft:andesite":177,"minecraft:wooden_pickaxe":1,"minecraft:flint":4,"minecraft:dirt":115,"minecraft:bone":1,"minecraft:wheat_seeds":8,"minecraft:rabbit_hide":4,"minecraft:spruce_planks":104,"minecraft:spruce_wood":65,"minecraft:stone_pickaxe":1,"minecraft:rabbit":2,"minecraft:raw_iron":14,"minecraft:stick":15,"minecraft:dandelion":14,"minecraft:spruce_stairs":1,"minecraft:gravel":32,"minecraft:porkchop":6,"minecraft:spruce_sapling":10,"minecraft:spruce_log":18,"minecraft:stone_sword":1,"minecraft:arrow":4,"minecraft:spruce_button":4,"minecraft:mutton":2,"minecraft:coal":19,"minecraft:white_wool":1,"minecraft:cobblestone":59}},"DataVersion":3953}