{"stats":{"minecraft:custom":{"minecraft:time_since_rest":12885,"minecraft:sprint_one_cm":18383,"minecraft:damage_taken":1134,"minecraft:walk_one_cm":23627,"minecraft:mob_kills":2,"minecraft:damage_dealt":297,"minecraft:fly_one_cm":30802,"minecraft:interact_with_crafting_table":11,"minecraft:crouch_one_cm":851,"minecraft:play_time":17842,"minecraft:deaths":4,"minecraft:sneak_time":175,"minecraft:walk_under_water_one_cm":1319,"minecraft:jump":189,"minecraft:walk_on_water_one_cm":632,"minecraft:time_since_death":12855,"minecraft:total_world_time":17842,"minecraft:fall_one_cm":9829},"minecraft:killed":{"minecraft:wolf":2},"minecraft:mined":{"minecraft:large_fern":13,"minecraft:tuff":4,"minecraft:coarse_dirt":2,"minecraft:birch_log":7,"minecraft:sweet_berry_bush":30,"minecraft:spruce_log":1,"minecraft:crafting_table":3,"minecraft:cornflower":1,"minecraft:short_grass":6,"minecraft:grass_block":1,"minecraft:deepslate_iron_ore":3,"minecraft:cobblestone":1,"minecraft:spruce_leaves":2,"minecraft:stone":74,"minecraft:oxeye_daisy":1,"minecraft:deepslate":45,"minecraft:fern":10},"minecraft:used":{"minecraft:wooden_axe":3,"minecraft:stone_pickaxe":116,"minecraft:wooden_pickaxe":12,"minecraft:dirt":1,"minecraft:cobblestone":1,"minecraft:sweet_berries":8,"minecraft:crafting_table":3,"minecraft:coarse_dirt":2},"minecraft:picked_up":{"minecraft:birch_log":6,"minecraft:raw_iron":3,"minecraft:coarse_dirt":2,"minecraft:crafting_table":3,"minecraft:sweet_berries":66,"minecraft:tuff":4,"minecraft:spruce_log":1,"minecraft:dirt":9,"minecraft:wheat_seeds":3,"minecraft:cobbled_deepslate":45,"minecraft:cobblestone":73},"minecraft:killed_by":{"minecraft:wolf":1},"minecraft:crafted":{"minecraft:spruce_planks":2,"minecraft:stick":10,"minecraft:wooden_pickaxe":1,"minecraft:stone_pickaxe":3,"minecraft:wooden_axe":1,"minecraft:birch_planks":24}},"DataVersion":3953}