{"stats":{"minecraft:dropped":{"minecraft:sweet_berries":2,"minecraft:diamond_leggings":1,"minecraft:diamond_chestplate":1,"minecraft:diamond_helmet":1,"minecraft:raw_gold":6},"minecraft:custom":{"minecraft:interact_with_furnace":5,"minecraft:mob_kills":4,"minecraft:interact_with_crafting_table":20,"minecraft:leave_game":3,"minecraft:time_since_death":37669,"minecraft:time_since_rest":37699,"minecraft:sprint_one_cm":27252,"minecraft:damage_taken":1186,"minecraft:walk_one_cm":63803,"minecraft:drop":11,"minecraft:damage_dealt":508,"minecraft:fly_one_cm":37467,"minecraft:crouch_one_cm":1270,"minecraft:play_time":42656,"minecraft:deaths":4,"minecraft:sneak_time":499,"minecraft:walk_under_water_one_cm":1319,"minecraft:jump":413,"minecraft:walk_on_water_one_cm":632,"minecraft:total_world_time":42656,"minecraft:fall_one_cm":12322},"minecraft:picked_up":{"minecraft:birch_log":6,"minecraft:coarse_dirt":2,"minecraft:crafting_table":9,"minecraft:birch_planks":10,"minecraft:tuff":91,"minecraft:lapis_lazuli":26,"minecraft:dirt":9,"minecraft:wheat_seeds":3,"minecraft:cobbled_deepslate":176,"minecraft:raw_gold":28,"minecraft:iron_ingot":1,"minecraft:furnace":2,"minecraft:raw_iron":10,"minecraft:stick":14,"minecraft:sweet_berries":68,"minecraft:spruce_log":1,"minecraft:arrow":2,"minecraft:diamond":47,"minecraft:cobblestone":73},"minecraft:killed_by":{"minecraft:wolf":1},"minecraft:crafted":{"minecraft:diamond_sword":1,"minecraft:spruce_planks":2,"minecraft:wooden_pickaxe":1,"minecraft:furnace":1,"minecraft:birch_planks":24,"minecraft:diamond_helmet":2,"minecraft:diamond_leggings":2,"minecraft:stick":30,"minecraft:iron_ingot":9,"minecraft:iron_pickaxe":2,"minecraft:stone_pickaxe":3,"minecraft:wooden_axe":1,"minecraft:diamond_boots":1,"minecraft:diamond_chestplate":2},"minecraft:mined":{"minecraft:tuff":94,"minecraft:deepslate_diamond_ore":47,"minecraft:crafting_table":9,"minecraft:cornflower":1,"minecraft:short_grass":6,"minecraft:grass_block":1,"minecraft:cobblestone":1,"minecraft:spruce_leaves":2,"minecraft:deepslate_gold_ore":28,"minecraft:oxeye_daisy":1,"minecraft:large_fern":13,"minecraft:coarse_dirt":2,"minecraft:furnace":2,"minecraft:birch_log":7,"minecraft:sweet_berry_bush":30,"minecraft:spruce_log":1,"minecraft:deepslate_lapis_ore":4,"minecraft:deepslate_iron_ore":10,"minecraft:stone":74,"minecraft:fern":10,"minecraft:deepslate":178},"minecraft:killed":{"minecraft:wolf":2,"minecraft:skeleton":2},"minecraft:used":{"minecraft:diamond_boots":1,"minecraft:stone_pickaxe":152,"minecraft:wooden_pickaxe":12,"minecraft:dirt":1,"minecraft:crafting_table":8,"minecraft:diamond_helmet":1,"minecraft:tuff":45,"minecraft:wooden_axe":9,"minecraft:iron_pickaxe":275,"minecraft:diamond_chestplate":1,"minecraft:diamond_sword":6,"minecraft:cobblestone":9,"minecraft:sweet_berries":15,"minecraft:furnace":2,"minecraft:coarse_dirt":2,"minecraft:cobbled_deepslate":4,"minecraft:diamond_leggings":1}},"DataVersion":3953}