{"stats":{"minecraft:crafted":{"minecraft:oak_planks":48,"minecraft:furnace":1,"minecraft:diamond_helmet":2,"minecraft:diamond_leggings":2,"minecraft:iron_axe":1,"minecraft:ladder":15,"minecraft:stone_pickaxe":3,"minecraft:chest":2,"minecraft:diamond_boots":1,"minecraft:diamond_sword":1,"minecraft:cooked_porkchop":1,"minecraft:crafting_table":1,"minecraft:spruce_planks":90,"minecraft:wooden_pickaxe":1,"minecraft:bucket":1,"minecraft:birch_planks":24,"minecraft:spruce_trapdoor":2,"minecraft:stick":92,"minecraft:iron_ingot":9,"minecraft:iron_pickaxe":2,"minecraft:wooden_axe":1,"minecraft:white_bed":1,"minecraft:torch":24,"minecraft:diamond_chestplate":2},"minecraft:dropped":{"minecraft:wheat_seeds":15,"minecraft:diamond_leggings":1,"minecraft:granite":16,"minecraft:diamond_helmet":1,"minecraft:sand":1,"minecraft:string":1,"minecraft:redstone":7,"minecraft:sweet_berries":2,"minecraft:coarse_dirt":2,"minecraft:tuff":2,"minecraft:raw_iron":7,"minecraft:pumpkin_seeds":7,"minecraft:diamond_chestplate":1,"minecraft:spider_eye":2,"minecraft:arrow":16,"minecraft:wooden_pickaxe":1,"minecraft:raw_gold":6},"minecraft:picked_up":{"minecraft:spruce_leaves":27,"minecraft:crafting_table":14,"minecraft:coarse_dirt":4,"minecraft:ladder":1,"minecraft:cornflower":7,"minecraft:string":7,"minecraft:raw_copper":5,"minecraft:cobbled_deepslate":197,"minecraft:spruce_planks":1,"minecraft:spruce_trapdoor":1,"minecraft:egg":1,"minecraft:furnace":2,"minecraft:raw_iron":25,"minecraft:stick":16,"minecraft:torch":28,"minecraft:porkchop":6,"minecraft:redstone":7,"minecraft:arrow":29,"minecraft:rotten_flesh":13,"minecraft:glow_berries":1,"minecraft:mutton":5,"minecraft:white_wool":6,"minecraft:rail":12,"minecraft:cobblestone":173,"minecraft:birch_log":6,"minecraft:feather":2,"minecraft:birch_planks":10,"minecraft:tuff":93,"minecraft:oak_log":12,"minecraft:lapis_lazuli":81,"minecraft:dirt":17,"minecraft:bone":14,"minecraft:wheat_seeds":19,"minecraft:raw_gold":36,"minecraft:stone_pickaxe":1,"minecraft:iron_ingot":1,"minecraft:oak_planks":10,"minecraft:oak_slab":1,"minecraft:cooked_porkchop":1,"minecraft:sweet_berries":277,"minecraft:sand":1,"minecraft:spruce_sapling":7,"minecraft:white_bed":7,"minecraft:spruce_log":24,"minecraft:spider_eye":2,"minecraft:diamond":47,"minecraft:granite":16,"minecraft:gray_wool":1,"minecraft:coal":50},"minecraft:broken":{"minecraft:iron_pickaxe":2},"minecraft:killed":{"minecraft:cave_spider":7,"minecraft:skeleton":9,"minecraft:drowned":1,"minecraft:wolf":3,"minecraft:pig":2,"minecraft:sheep":6,"minecraft:zombie":19},"minecraft:mined":{"minecraft:tuff":122,"minecraft:spruce_planks":1,"minecraft:white_bed":4,"minecraft:deepslate_diamond_ore":47,"minecraft:spruce_trapdoor":1,"minecraft:ladder":1,"minecraft:granite":16,"minecraft:grass_block":6,"minecraft:spruce_leaves":127,"minecraft:oxeye_daisy":1,"minecraft:spawner":1,"minecraft:large_fern":32,"minecraft:furnace":3,"minecraft:iron_ore":8,"minecraft:cobbled_deepslate":5,"minecraft:deepslate_lapis_ore":4,"minecraft:cave_vines":5,"minecraft:deepslate_iron_ore":10,"minecraft:stone":142,"minecraft:podzol":1,"minecraft:oak_slab":1,"minecraft:dandelion":1,"minecraft:crafting_table":15,"minecraft:cornflower":10,"minecraft:torch":12,"minecraft:short_grass":75,"minecraft:copper_ore":1,"minecraft:cobblestone":23,"minecraft:lapis_ore":8,"minecraft:deepslate_gold_ore":36,"minecraft:oak_planks":3,"minecraft:wall_torch":16,"minecraft:coarse_dirt":4,"minecraft:birch_log":7,"minecraft:sweet_berry_bush":128,"minecraft:spruce_log":30,"minecraft:birch_leaves":3,"minecraft:oak_log":13,"minecraft:coal_ore":47,"minecraft:dirt":2,"minecraft:cobweb":3,"minecraft:oak_leaves":5,"minecraft:deepslate":210,"minecraft:fern":38},"minecraft:killed_by":{"minecraft:wolf":1},"minecraft:used":{"minecraft:ladder":13,"minecraft:chest":2,"minecraft:spruce_planks":30,"minecraft:rotten_flesh":9,"minecraft:torch":52,"minecraft:dirt":8,"minecraft:diamond_helmet":1,"minecraft:tuff":91,"minecraft:wooden_axe":11,"minecraft:iron_axe":43,"minecraft:diamond_chestplate":1,"minecraft:sweet_berries":163,"minecraft:furnace":3,"minecraft:egg":1,"minecraft:cobbled_deepslate":198,"minecraft:golden_axe":30,"minecraft:water_bucket":28,"minecraft:diamond_boots":1,"minecraft:stone_pickaxe":180,"minecraft:oak_planks":23,"minecraft:wooden_pickaxe":12,"minecraft:golden_apple":1,"minecraft:crafting_table":15,"minecraft:white_bed":8,"minecraft:bread":3,"minecraft:iron_pickaxe":500,"minecraft:spruce_trapdoor":2,"minecraft:diamond_sword":614,"minecraft:cobblestone":159,"minecraft:cooked_porkchop":2,"minecraft:porkchop":1,"minecraft:bucket":29,"minecraft:coarse_dirt":2,"minecraft:diamond_leggings":1},"minecraft:custom":{"minecraft:mob_kills":47,"minecraft:interact_with_crafting_table":33,"minecraft:leave_game":9,"minecraft:time_since_death":195464,"minecraft:climb_one_cm":15781,"minecraft:sprint_one_cm":381207,"minecraft:walk_one_cm":263846,"minecraft:drop":25,"minecraft:play_time":200451,"minecraft:deaths":4,"minecraft:sneak_time":4527,"minecraft:walk_under_water_one_cm":10619,"minecraft:jump":2137,"minecraft:interact_with_blast_furnace":1,"minecraft:walk_on_water_one_cm":16425,"minecraft:total_world_time":200451,"minecraft:interact_with_furnace":9,"minecraft:sleep_in_bed":5,"minecraft:time_since_rest":64171,"minecraft:damage_taken":2960,"minecraft:damage_absorbed":23,"minecraft:damage_dealt":6172,"minecraft:swim_one_cm":14502,"minecraft:fly_one_cm":230171,"minecraft:open_chest":25,"minecraft:crouch_one_cm":12577,"minecraft:interact_with_smoker":2,"minecraft:fall_one_cm":47595}},"DataVersion":3953}