{"stats":{"minecraft:picked_up":{"minecraft:spruce_leaves":27,"minecraft:crafting_table":16,"minecraft:coarse_dirt":202,"minecraft:chicken":2,"minecraft:ladder":3,"minecraft:anvil":1,"minecraft:wooden_pickaxe":1,"minecraft:shield":2,"minecraft:cornflower":7,"minecraft:string":38,"minecraft:raw_copper":5,"minecraft:cobbled_deepslate":404,"minecraft:netherite_sword":1,"minecraft:spruce_planks":41,"minecraft:beef":3,"minecraft:redstone_torch":1,"minecraft:calcite":25,"minecraft:lectern":2,"minecraft:enchanted_golden_apple":28,"minecraft:iron_pickaxe":1,"minecraft:spruce_trapdoor":9,"minecraft:egg":3,"minecraft:furnace":2,"minecraft:tipped_arrow":1,"minecraft:sandstone":1,"minecraft:polished_deepslate_slab":152,"minecraft:stick":24,"minecraft:raw_iron":72,"minecraft:end_stone":41,"minecraft:torch":46,"minecraft:porkchop":6,"minecraft:redstone":12,"minecraft:tnt":159,"minecraft:arrow":33,"minecraft:rotten_flesh":36,"minecraft:mangrove_roots":35,"minecraft:netherite_chestplate":2,"minecraft:glow_berries":1,"minecraft:mutton":5,"minecraft:white_wool":6,"minecraft:rail":14,"minecraft:cobblestone":384,"minecraft:birch_log":20,"minecraft:enchanting_table":1,"minecraft:netherite_boots":3,"minecraft:feather":4,"minecraft:glow_ink_sac":4,"minecraft:salmon":14,"minecraft:leather":6,"minecraft:end_portal_frame":1,"minecraft:birch_planks":10,"minecraft:flint":27,"minecraft:tuff":115,"minecraft:oak_log":12,"minecraft:gunpowder":2,"minecraft:cobblestone_stairs":12,"minecraft:netherite_leggings":3,"minecraft:lapis_lazuli":86,"minecraft:dirt":555,"minecraft:bone":23,"minecraft:wheat_seeds":33,"minecraft:raw_gold":81,"minecraft:stone_pickaxe":2,"minecraft:iron_ingot":1,"minecraft:oak_planks":112,"minecraft:oak_slab":1,"minecraft:cooked_porkchop":1,"minecraft:sweet_berries":277,"minecraft:gravel":198,"minecraft:sand":14,"minecraft:spruce_sapling":8,"minecraft:loom":1,"minecraft:white_bed":7,"minecraft:spruce_log":56,"minecraft:spider_eye":4,"minecraft:netherite_helmet":3,"minecraft:diamond":78,"minecraft:granite":16,"minecraft:golden_apple":1,"minecraft:gray_wool":1,"minecraft:rooted_dirt":3,"minecraft:oak_sapling":6,"minecraft:oak_leaves":221,"minecraft:coal":50,"minecraft:ender_pearl":2},"minecraft:mined":{"minecraft:tuff":146,"minecraft:spruce_planks":1,"minecraft:white_bed":4,"minecraft:deepslate_diamond_ore":57,"minecraft:spruce_trapdoor":1,"minecraft:ladder":1,"minecraft:granite":16,"minecraft:grass_block":6,"minecraft:spruce_leaves":129,"minecraft:oxeye_daisy":1,"minecraft:spawner":1,"minecraft:large_fern":33,"minecraft:furnace":3,"minecraft:iron_ore":8,"minecraft:cobbled_deepslate":5,"minecraft:deepslate_lapis_ore":4,"minecraft:cave_vines":5,"minecraft:deepslate_iron_ore":14,"minecraft:stone":173,"minecraft:podzol":1,"minecraft:oak_slab":1,"minecraft:dandelion":1,"minecraft:crafting_table":16,"minecraft:cornflower":10,"minecraft:torch":14,"minecraft:short_grass":90,"minecraft:copper_ore":1,"minecraft:cobblestone":25,"minecraft:lapis_ore":8,"minecraft:deepslate_gold_ore":40,"minecraft:oak_planks":3,"minecraft:wall_torch":19,"minecraft:coarse_dirt":5,"minecraft:birch_log":7,"minecraft:sweet_berry_bush":128,"minecraft:spruce_log":30,"minecraft:birch_leaves":3,"minecraft:tnt":9,"minecraft:oak_log":13,"minecraft:coal_ore":47,"minecraft:sand":1,"minecraft:gravel":2,"minecraft:dirt":5,"minecraft:cobweb":3,"minecraft:oak_leaves":5,"minecraft:deepslate":403,"minecraft:fern":39},"minecraft:killed_by":{"minecraft:player":2,"minecraft:wolf":1,"minecraft:enderman":1},"minecraft:killed":{"minecraft:cave_spider":8,"minecraft:spider":1,"minecraft:horse":1,"minecraft:skeleton":9,"minecraft:drowned":1,"minecraft:wolf":3,"minecraft:pig":2,"minecraft:bat":1,"minecraft:creeper":1,"minecraft:sheep":7,"minecraft:zombie":32,"minecraft:player":3,"minecraft:enderman":4},"minecraft:broken":{"minecraft:netherite_helmet":1,"minecraft:flint_and_steel":1,"minecraft:stone_pickaxe":1,"minecraft:iron_pickaxe":2,"minecraft:netherite_leggings":1,"minecraft:netherite_boots":2},"minecraft:crafted":{"minecraft:oak_planks":48,"minecraft:furnace":1,"minecraft:diamond_helmet":2,"minecraft:diamond_leggings":2,"minecraft:iron_axe":1,"minecraft:ladder":15,"minecraft:stone_pickaxe":6,"minecraft:chest":2,"minecraft:diamond_boots":1,"minecraft:diamond_sword":1,"minecraft:cooked_porkchop":1,"minecraft:crafting_table":2,"minecraft:spruce_planks":94,"minecraft:wooden_pickaxe":1,"minecraft:bucket":1,"minecraft:birch_planks":24,"minecraft:spruce_trapdoor":2,"minecraft:stick":92,"minecraft:iron_pickaxe":2,"minecraft:iron_ingot":9,"minecraft:wooden_axe":1,"minecraft:white_bed":1,"minecraft:torch":24,"minecraft:diamond_chestplate":2},"minecraft:custom":{"minecraft:mob_kills":71,"minecraft:interact_with_crafting_table":35,"minecraft:leave_game":10,"minecraft:time_since_death":39952,"minecraft:climb_one_cm":15845,"minecraft:damage_resisted":4089,"minecraft:sprint_one_cm":531519,"minecraft:walk_one_cm":418560,"minecraft:drop":103,"minecraft:play_time":303149,"minecraft:deaths":9,"minecraft:sneak_time":12555,"minecraft:walk_under_water_one_cm":13202,"minecraft:jump":3523,"minecraft:interact_with_blast_furnace":1,"minecraft:walk_on_water_one_cm":30215,"minecraft:enchant_item":10,"minecraft:total_world_time":303149,"minecraft:interact_with_furnace":9,"minecraft:sleep_in_bed":5,"minecraft:time_since_rest":39984,"minecraft:damage_taken":10765,"minecraft:damage_absorbed":8142,"minecraft:damage_dealt":9343,"minecraft:swim_one_cm":14906,"minecraft:fly_one_cm":579845,"minecraft:player_kills":3,"minecraft:open_chest":32,"minecraft:crouch_one_cm":32773,"minecraft:interact_with_smoker":2,"minecraft:fall_one_cm":112783},"minecraft:dropped":{"minecraft:wheat_seeds":16,"minecraft:loom":1,"minecraft:netherite_helmet":1,"minecraft:diamond_leggings":1,"minecraft:netherite_chestplate":1,"minecraft:cobblestone":104,"minecraft:leather":1,"minecraft:granite":16,"minecraft:rail":2,"minecraft:dirt":64,"minecraft:stick":2,"minecraft:netherite_boots":2,"minecraft:diamond_helmet":1,"minecraft:sand":1,"minecraft:string":1,"minecraft:spruce_sapling":1,"minecraft:redstone":7,"minecraft:anvil":1,"minecraft:sweet_berries":2,"minecraft:mangrove_roots":12,"minecraft:coarse_dirt":66,"minecraft:netherite_sword":2,"minecraft:tuff":2,"minecraft:raw_iron":7,"minecraft:chicken":1,"minecraft:polished_deepslate_slab":64,"minecraft:end_stone":41,"minecraft:ender_eye":1,"minecraft:pumpkin_seeds":7,"minecraft:netherite_leggings":1,"minecraft:gunpowder":4,"minecraft:diamond_chestplate":1,"minecraft:end_portal_frame":1,"minecraft:spider_eye":2,"minecraft:spruce_log":28,"minecraft:arrow":19,"minecraft:stone_pickaxe":2,"minecraft:wooden_pickaxe":2,"minecraft:raw_gold":6,"minecraft:lectern":2,"minecraft:oak_leaves":128,"minecraft:egg":2},"minecraft:used":{"minecraft:netherite_sword":879,"minecraft:flint_and_steel":91,"minecraft:ladder":13,"minecraft:chest":2,"minecraft:spruce_planks":30,"minecraft:rotten_flesh":17,"minecraft:torch":67,"minecraft:dirt":10,"minecraft:diamond_helmet":1,"minecraft:tuff":110,"minecraft:wooden_axe":11,"minecraft:bookshelf":35,"minecraft:iron_axe":43,"minecraft:totem_of_undying":3,"minecraft:netherite_boots":2,"minecraft:diamond_chestplate":1,"minecraft:sweet_berries":170,"minecraft:furnace":3,"minecraft:egg":1,"minecraft:cobbled_deepslate":198,"minecraft:enchanted_golden_apple":69,"minecraft:golden_axe":31,"minecraft:water_bucket":30,"minecraft:diamond_boots":1,"minecraft:stone_pickaxe":398,"minecraft:netherite_chestplate":1,"minecraft:oak_planks":23,"minecraft:ender_pearl":58,"minecraft:wooden_pickaxe":12,"minecraft:golden_apple":1,"minecraft:netherite_leggings":1,"minecraft:tnt":209,"minecraft:crafting_table":16,"minecraft:netherite_helmet":1,"minecraft:white_bed":8,"minecraft:redstone_torch":10,"minecraft:ender_eye":12,"minecraft:diamond_pickaxe":41,"minecraft:bread":3,"minecraft:iron_pickaxe":512,"minecraft:lectern":1,"minecraft:spruce_trapdoor":2,"minecraft:diamond_sword":664,"minecraft:cobblestone":183,"minecraft:porkchop":1,"minecraft:cooked_porkchop":2,"minecraft:bucket":31,"minecraft:end_portal_frame":28,"minecraft:coarse_dirt":2,"minecraft:diamond_leggings":1}},"DataVersion":3953}