{"stats":{"minecraft:custom":{"minecraft:time_since_rest":22681,"minecraft:interact_with_furnace":5,"minecraft:sprint_one_cm":20956,"minecraft:damage_taken":1134,"minecraft:walk_one_cm":44083,"minecraft:mob_kills":2,"minecraft:damage_dealt":297,"minecraft:interact_with_crafting_table":14,"minecraft:fly_one_cm":31012,"minecraft:crouch_one_cm":851,"minecraft:play_time":27638,"minecraft:deaths":4,"minecraft:sneak_time":175,"minecraft:walk_under_water_one_cm":1319,"minecraft:jump":249,"minecraft:leave_game":2,"minecraft:time_since_death":22651,"minecraft:walk_on_water_one_cm":632,"minecraft:total_world_time":27638,"minecraft:fall_one_cm":9829},"minecraft:picked_up":{"minecraft:birch_log":6,"minecraft:crafting_table":6,"minecraft:stick":14,"minecraft:raw_iron":10,"minecraft:coarse_dirt":2,"minecraft:sweet_berries":66,"minecraft:birch_planks":10,"minecraft:tuff":20,"minecraft:spruce_log":1,"minecraft:dirt":9,"minecraft:lapis_lazuli":26,"minecraft:diamond":9,"minecraft:wheat_seeds":3,"minecraft:cobbled_deepslate":120,"minecraft:raw_gold":6,"minecraft:iron_ingot":1,"minecraft:cobblestone":73,"minecraft:furnace":2},"minecraft:killed_by":{"minecraft:wolf":1},"minecraft:crafted":{"minecraft:spruce_planks":2,"minecraft:stick":30,"minecraft:wooden_pickaxe":1,"minecraft:iron_ingot":9,"minecraft:iron_pickaxe":2,"minecraft:stone_pickaxe":3,"minecraft:wooden_axe":1,"minecraft:furnace":1,"minecraft:birch_planks":24,"minecraft:diamond_chestplate":1},"minecraft:mined":{"minecraft:large_fern":13,"minecraft:tuff":20,"minecraft:coarse_dirt":2,"minecraft:furnace":2,"minecraft:deepslate_diamond_ore":9,"minecraft:birch_log":7,"minecraft:sweet_berry_bush":30,"minecraft:spruce_log":1,"minecraft:deepslate_lapis_ore":4,"minecraft:crafting_table":6,"minecraft:cornflower":1,"minecraft:short_grass":6,"minecraft:grass_block":1,"minecraft:deepslate_iron_ore":10,"minecraft:cobblestone":1,"minecraft:spruce_leaves":2,"minecraft:deepslate_gold_ore":6,"minecraft:stone":74,"minecraft:oxeye_daisy":1,"minecraft:deepslate":121,"minecraft:fern":10},"minecraft:killed":{"minecraft:wolf":2},"minecraft:used":{"minecraft:wooden_axe":6,"minecraft:stone_pickaxe":152,"minecraft:iron_pickaxe":84,"minecraft:wooden_pickaxe":12,"minecraft:diamond_chestplate":1,"minecraft:dirt":1,"minecraft:cobblestone":1,"minecraft:sweet_berries":8,"minecraft:crafting_table":5,"minecraft:furnace":2,"minecraft:coarse_dirt":2,"minecraft:cobbled_deepslate":4}},"DataVersion":3953}