{"stats":{"minecraft:dropped":{"minecraft:stick":15,"minecraft:spruce_planks":32},"minecraft:killed_by":{"minecraft:skeleton":1},"minecraft:used":{"minecraft:stone_sword":77,"minecraft:spruce_door":1,"minecraft:rabbit":2,"minecraft:stone_pickaxe":121,"minecraft:chest":1,"minecraft:wooden_pickaxe":30,"minecraft:dirt":50,"minecraft:mutton":2,"minecraft:crafting_table":4,"minecraft:spruce_stairs":5,"minecraft:wooden_axe":48,"minecraft:cobblestone":8,"minecraft:furnace":1,"minecraft:porkchop":4,"minecraft:andesite":6},"minecraft:crafted":{"minecraft:crafting_table":1,"minecraft:spruce_planks":108,"minecraft:wooden_pickaxe":1,"minecraft:iron_sword":1,"minecraft:spruce_door":3,"minecraft:furnace":1,"minecraft:spruce_stairs":8,"minecraft:stick":24,"minecraft:iron_ingot":10,"minecraft:iron_pickaxe":1,"minecraft:stone_pickaxe":1,"minecraft:wooden_axe":1,"minecraft:stone_sword":1,"minecraft:chest":1},"minecraft:mined":{"minecraft:dandelion":3,"minecraft:crafting_table":3,"minecraft:short_grass":27,"minecraft:grass_block":19,"minecraft:spruce_leaves":24,"minecraft:spruce_stairs":1,"minecraft:iron_ore":10,"minecraft:spruce_log":18,"minecraft:andesite":92,"minecraft:dirt_path":4,"minecraft:vine":3,"minecraft:gravel":17,"minecraft:dirt":39,"minecraft:spruce_wood":10,"minecraft:stone":21},"minecraft:killed":{"minecraft:pig":2,"minecraft:rabbit":2,"minecraft:sheep":1,"minecraft:skeleton":2},"minecraft:custom":{"minecraft:interact_with_furnace":4,"minecraft:mob_kills":8,"minecraft:interact_with_crafting_table":17,"minecraft:leave_game":2,"minecraft:time_since_death":21475,"minecraft:climb_one_cm":149,"minecraft:time_since_rest":21507,"minecraft:sprint_one_cm":76350,"minecraft:damage_taken":470,"minecraft:walk_one_cm":84858,"minecraft:drop":47,"minecraft:damage_dealt":816,"minecraft:fly_one_cm":73642,"minecraft:open_chest":15,"minecraft:crouch_one_cm":185,"minecraft:play_time":68301,"minecraft:deaths":1,"minecraft:sneak_time":148,"minecraft:jump":339,"minecraft:total_world_time":68301,"minecraft:fall_one_cm":6007},"minecraft:picked_up":{"minecraft:wooden_axe":1,"minecraft:crafting_table":3,"minecraft:andesite":170,"minecraft:wooden_pickaxe":1,"minecraft:flint":4,"minecraft:dirt":112,"minecraft:bone":1,"minecraft:wheat_seeds":7,"minecraft:rabbit_hide":4,"minecraft:spruce_planks":104,"minecraft:spruce_wood":9,"minecraft:stone_pickaxe":1,"minecraft:rabbit":2,"minecraft:raw_iron":14,"minecraft:stick":15,"minecraft:dandelion":10,"minecraft:spruce_stairs":1,"minecraft:gravel":32,"minecraft:porkchop":6,"minecraft:spruce_sapling":10,"minecraft:spruce_log":18,"minecraft:stone_sword":1,"minecraft:arrow":4,"minecraft:spruce_button":4,"minecraft:mutton":2,"minecraft:white_wool":1,"minecraft:cobblestone":21}},"DataVersion":3953}