{"stats":{"minecraft:dropped":{"minecraft:sweet_berries":2,"minecraft:raw_iron":7,"minecraft:diamond_leggings":1,"minecraft:diamond_chestplate":1,"minecraft:diamond_helmet":1,"minecraft:raw_gold":6},"minecraft:custom":{"minecraft:interact_with_furnace":6,"minecraft:mob_kills":9,"minecraft:interact_with_crafting_table":21,"minecraft:leave_game":3,"minecraft:time_since_death":57964,"minecraft:time_since_rest":57994,"minecraft:sprint_one_cm":74987,"minecraft:damage_taken":1544,"minecraft:walk_one_cm":88380,"minecraft:drop":12,"minecraft:damage_dealt":1639,"minecraft:fly_one_cm":102043,"minecraft:crouch_one_cm":1721,"minecraft:play_time":62951,"minecraft:deaths":4,"minecraft:sneak_time":873,"minecraft:walk_under_water_one_cm":1530,"minecraft:jump":898,"minecraft:walk_on_water_one_cm":1895,"minecraft:total_world_time":62951,"minecraft:fall_one_cm":19966},"minecraft:picked_up":{"minecraft:birch_log":6,"minecraft:coarse_dirt":3,"minecraft:crafting_table":10,"minecraft:birch_planks":10,"minecraft:tuff":93,"minecraft:oak_log":1,"minecraft:cornflower":5,"minecraft:lapis_lazuli":81,"minecraft:dirt":15,"minecraft:raw_copper":5,"minecraft:bone":3,"minecraft:wheat_seeds":9,"minecraft:cobbled_deepslate":187,"minecraft:raw_gold":28,"minecraft:iron_ingot":1,"minecraft:egg":1,"minecraft:furnace":2,"minecraft:raw_iron":17,"minecraft:stick":14,"minecraft:sweet_berries":195,"minecraft:torch":9,"minecraft:porkchop":3,"minecraft:spruce_log":1,"minecraft:arrow":2,"minecraft:rotten_flesh":1,"minecraft:diamond":47,"minecraft:granite":16,"minecraft:coal":45,"minecraft:cobblestone":140},"minecraft:killed_by":{"minecraft:wolf":1},"minecraft:crafted":{"minecraft:diamond_sword":1,"minecraft:cooked_porkchop":1,"minecraft:spruce_planks":2,"minecraft:wooden_pickaxe":1,"minecraft:furnace":1,"minecraft:bucket":1,"minecraft:birch_planks":24,"minecraft:diamond_helmet":2,"minecraft:diamond_leggings":2,"minecraft:stick":30,"minecraft:iron_ingot":9,"minecraft:iron_pickaxe":2,"minecraft:stone_pickaxe":3,"minecraft:wooden_axe":1,"minecraft:diamond_boots":1,"minecraft:torch":24,"minecraft:diamond_chestplate":2},"minecraft:mined":{"minecraft:podzol":1,"minecraft:tuff":96,"minecraft:deepslate_diamond_ore":47,"minecraft:crafting_table":10,"minecraft:cornflower":7,"minecraft:torch":8,"minecraft:granite":16,"minecraft:short_grass":40,"minecraft:grass_block":4,"minecraft:copper_ore":1,"minecraft:cobblestone":1,"minecraft:spruce_leaves":2,"minecraft:lapis_ore":8,"minecraft:deepslate_gold_ore":28,"minecraft:oxeye_daisy":1,"minecraft:wall_torch":2,"minecraft:large_fern":29,"minecraft:coarse_dirt":3,"minecraft:furnace":2,"minecraft:birch_log":7,"minecraft:cobbled_deepslate":3,"minecraft:sweet_berry_bush":85,"minecraft:spruce_log":1,"minecraft:birch_leaves":2,"minecraft:deepslate_lapis_ore":4,"minecraft:coal_ore":46,"minecraft:deepslate_iron_ore":10,"minecraft:dirt":2,"minecraft:stone":132,"minecraft:deepslate":189,"minecraft:fern":29},"minecraft:killed":{"minecraft:wolf":3,"minecraft:pig":1,"minecraft:skeleton":3,"minecraft:zombie":1,"minecraft:drowned":1},"minecraft:used":{"minecraft:water_bucket":8,"minecraft:diamond_boots":1,"minecraft:stone_pickaxe":153,"minecraft:wooden_pickaxe":12,"minecraft:torch":10,"minecraft:dirt":8,"minecraft:crafting_table":9,"minecraft:diamond_helmet":1,"minecraft:tuff":91,"minecraft:wooden_axe":11,"minecraft:iron_pickaxe":421,"minecraft:diamond_chestplate":1,"minecraft:diamond_sword":174,"minecraft:cobblestone":58,"minecraft:sweet_berries":45,"minecraft:furnace":2,"minecraft:cooked_porkchop":1,"minecraft:bucket":9,"minecraft:egg":1,"minecraft:coarse_dirt":2,"minecraft:cobbled_deepslate":4,"minecraft:diamond_leggings":1}},"DataVersion":3953}