{"stats":{"minecraft:dropped":{"minecraft:wheat_seeds":15,"minecraft:diamond_leggings":1,"minecraft:granite":16,"minecraft:diamond_helmet":1,"minecraft:sand":1,"minecraft:string":1,"minecraft:redstone":7,"minecraft:sweet_berries":2,"minecraft:coarse_dirt":2,"minecraft:tuff":2,"minecraft:raw_iron":7,"minecraft:pumpkin_seeds":7,"minecraft:diamond_chestplate":1,"minecraft:spider_eye":2,"minecraft:arrow":16,"minecraft:wooden_pickaxe":1,"minecraft:raw_gold":6},"minecraft:custom":{"minecraft:mob_kills":30,"minecraft:interact_with_crafting_table":32,"minecraft:leave_game":6,"minecraft:time_since_death":180772,"minecraft:climb_one_cm":11375,"minecraft:sprint_one_cm":325023,"minecraft:walk_one_cm":238633,"minecraft:drop":25,"minecraft:play_time":185759,"minecraft:deaths":4,"minecraft:sneak_time":3613,"minecraft:walk_under_water_one_cm":10619,"minecraft:jump":1821,"minecraft:interact_with_blast_furnace":1,"minecraft:walk_on_water_one_cm":13170,"minecraft:total_world_time":185759,"minecraft:interact_with_furnace":9,"minecraft:sleep_in_bed":5,"minecraft:time_since_rest":49479,"minecraft:damage_taken":2804,"minecraft:damage_absorbed":23,"minecraft:damage_dealt":5661,"minecraft:swim_one_cm":14502,"minecraft:fly_one_cm":181098,"minecraft:open_chest":12,"minecraft:crouch_one_cm":8513,"minecraft:interact_with_smoker":2,"minecraft:fall_one_cm":38304},"minecraft:broken":{"minecraft:iron_pickaxe":2},"minecraft:picked_up":{"minecraft:spruce_leaves":27,"minecraft:coarse_dirt":4,"minecraft:crafting_table":14,"minecraft:ladder":1,"minecraft:cornflower":7,"minecraft:string":7,"minecraft:raw_copper":5,"minecraft:cobbled_deepslate":197,"minecraft:spruce_planks":1,"minecraft:spruce_trapdoor":1,"minecraft:egg":1,"minecraft:furnace":2,"minecraft:raw_iron":25,"minecraft:stick":16,"minecraft:torch":24,"minecraft:porkchop":4,"minecraft:redstone":7,"minecraft:arrow":29,"minecraft:rotten_flesh":13,"minecraft:glow_berries":1,"minecraft:rail":12,"minecraft:white_wool":3,"minecraft:cobblestone":173,"minecraft:birch_log":6,"minecraft:feather":2,"minecraft:birch_planks":10,"minecraft:tuff":93,"minecraft:oak_log":1,"minecraft:lapis_lazuli":81,"minecraft:dirt":17,"minecraft:bone":14,"minecraft:wheat_seeds":19,"minecraft:raw_gold":36,"minecraft:stone_pickaxe":1,"minecraft:iron_ingot":1,"minecraft:oak_planks":7,"minecraft:oak_slab":1,"minecraft:cooked_porkchop":1,"minecraft:sweet_berries":254,"minecraft:sand":1,"minecraft:spruce_sapling":7,"minecraft:white_bed":7,"minecraft:spruce_log":23,"minecraft:spider_eye":2,"minecraft:diamond":47,"minecraft:granite":16,"minecraft:coal":50},"minecraft:killed_by":{"minecraft:wolf":1},"minecraft:crafted":{"minecraft:oak_planks":4,"minecraft:furnace":1,"minecraft:diamond_helmet":2,"minecraft:diamond_leggings":2,"minecraft:iron_axe":1,"minecraft:ladder":15,"minecraft:stone_pickaxe":3,"minecraft:chest":2,"minecraft:diamond_boots":1,"minecraft:diamond_sword":1,"minecraft:cooked_porkchop":1,"minecraft:crafting_table":1,"minecraft:spruce_planks":90,"minecraft:wooden_pickaxe":1,"minecraft:bucket":1,"minecraft:birch_planks":24,"minecraft:spruce_trapdoor":2,"minecraft:stick":92,"minecraft:iron_ingot":9,"minecraft:iron_pickaxe":2,"minecraft:wooden_axe":1,"minecraft:white_bed":1,"minecraft:torch":24,"minecraft:diamond_chestplate":2},"minecraft:mined":{"minecraft:tuff":122,"minecraft:spruce_planks":1,"minecraft:white_bed":4,"minecraft:deepslate_diamond_ore":47,"minecraft:spruce_trapdoor":1,"minecraft:ladder":1,"minecraft:granite":16,"minecraft:grass_block":6,"minecraft:spruce_leaves":111,"minecraft:oxeye_daisy":1,"minecraft:spawner":1,"minecraft:large_fern":31,"minecraft:furnace":3,"minecraft:iron_ore":8,"minecraft:cobbled_deepslate":5,"minecraft:deepslate_lapis_ore":4,"minecraft:cave_vines":5,"minecraft:deepslate_iron_ore":10,"minecraft:stone":142,"minecraft:podzol":1,"minecraft:oak_slab":1,"minecraft:dandelion":1,"minecraft:crafting_table":15,"minecraft:cornflower":10,"minecraft:torch":12,"minecraft:short_grass":64,"minecraft:copper_ore":1,"minecraft:cobblestone":23,"minecraft:deepslate_gold_ore":36,"minecraft:lapis_ore":8,"minecraft:wall_torch":13,"minecraft:coarse_dirt":4,"minecraft:birch_log":7,"minecraft:sweet_berry_bush":110,"minecraft:spruce_log":30,"minecraft:birch_leaves":2,"minecraft:coal_ore":47,"minecraft:dirt":2,"minecraft:cobweb":3,"minecraft:fern":35,"minecraft:deepslate":210},"minecraft:killed":{"minecraft:cave_spider":7,"minecraft:skeleton":9,"minecraft:drowned":1,"minecraft:wolf":3,"minecraft:pig":1,"minecraft:sheep":2,"minecraft:zombie":7},"minecraft:used":{"minecraft:ladder":13,"minecraft:chest":2,"minecraft:spruce_planks":30,"minecraft:torch":46,"minecraft:dirt":8,"minecraft:diamond_helmet":1,"minecraft:tuff":91,"minecraft:wooden_axe":11,"minecraft:iron_axe":43,"minecraft:diamond_chestplate":1,"minecraft:sweet_berries":143,"minecraft:furnace":3,"minecraft:egg":1,"minecraft:cobbled_deepslate":198,"minecraft:water_bucket":22,"minecraft:diamond_boots":1,"minecraft:stone_pickaxe":180,"minecraft:oak_planks":3,"minecraft:wooden_pickaxe":12,"minecraft:golden_apple":1,"minecraft:crafting_table":15,"minecraft:white_bed":8,"minecraft:bread":3,"minecraft:iron_pickaxe":500,"minecraft:spruce_trapdoor":2,"minecraft:diamond_sword":545,"minecraft:cobblestone":159,"minecraft:porkchop":1,"minecraft:cooked_porkchop":2,"minecraft:bucket":23,"minecraft:coarse_dirt":2,"minecraft:diamond_leggings":1}},"DataVersion":3953}