{"stats":{"minecraft:used":{"minecraft:stone_sword":79,"minecraft:chest":8,"minecraft:spruce_planks":5,"minecraft:iron_sword":87,"minecraft:iron_chestplate":1,"minecraft:torch":8,"minecraft:dirt":99,"minecraft:mutton":2,"minecraft:spruce_stairs":5,"minecraft:diamond_helmet":3,"minecraft:golden_chestplate":2,"minecraft:wooden_axe":54,"minecraft:iron_axe":103,"minecraft:iron_helmet":1,"minecraft:iron_boots":2,"minecraft:furnace":8,"minecraft:cobbled_deepslate":19,"minecraft:iron_leggings":3,"minecraft:spruce_door":3,"minecraft:rabbit":2,"minecraft:stone_pickaxe":131,"minecraft:wooden_pickaxe":31,"minecraft:crafting_table":7,"minecraft:white_bed":2,"minecraft:diamond_pickaxe":349,"minecraft:iron_pickaxe":796,"minecraft:cobblestone":67,"minecraft:porkchop":4,"minecraft:andesite":132,"minecraft:coarse_dirt":4},"minecraft:broken":{"minecraft:stone_pickaxe":1,"minecraft:iron_pickaxe":3},"minecraft:mined":{"minecraft:tuff":2,"minecraft:deepslate_diamond_ore":45,"minecraft:sculk_vein":1,"minecraft:cave_vines_plant":1,"minecraft:granite":4,"minecraft:grass_block":34,"minecraft:spruce_leaves":27,"minecraft:sculk_catalyst":1,"minecraft:furnace":2,"minecraft:iron_ore":94,"minecraft:cobbled_deepslate":1,"minecraft:andesite":328,"minecraft:deepslate_lapis_ore":1,"minecraft:azure_bluet":2,"minecraft:vine":13,"minecraft:cave_vines":5,"minecraft:deepslate_iron_ore":7,"minecraft:dirt_path":4,"minecraft:spruce_wood":69,"minecraft:stone":407,"minecraft:deepslate_redstone_ore":8,"minecraft:dandelion":10,"minecraft:crafting_table":6,"minecraft:torch":4,"minecraft:short_grass":59,"minecraft:chest":4,"minecraft:sculk_sensor":1,"minecraft:cobblestone":8,"minecraft:birch_wood":4,"minecraft:deepslate_gold_ore":30,"minecraft:spruce_stairs":1,"minecraft:coarse_dirt":13,"minecraft:birch_log":20,"minecraft:spruce_log":18,"minecraft:coal_ore":19,"minecraft:gravel":31,"minecraft:dripstone_block":1,"minecraft:dirt":68,"minecraft:deepslate":264},"minecraft:dropped":{"minecraft:iron_sword":2,"minecraft:wheat_seeds":10,"minecraft:crafting_table":1,"minecraft:cooked_porkchop":3,"minecraft:iron_helmet":1,"minecraft:glow_berries":1,"minecraft:spruce_button":4,"minecraft:spruce_door":1,"minecraft:stick":15,"minecraft:wooden_axe":1,"minecraft:iron_leggings":1,"minecraft:iron_pickaxe":1,"minecraft:spruce_sapling":5,"minecraft:dandelion":13,"minecraft:cobbled_deepslate":2,"minecraft:iron_boots":1,"minecraft:spruce_planks":32,"minecraft:iron_chestplate":1,"minecraft:diamond_pickaxe":1,"minecraft:andesite":66,"minecraft:arrow":4},"minecraft:killed":{"minecraft:vindicator":1,"minecraft:skeleton":2,"minecraft:pig":5,"minecraft:rabbit":4,"minecraft:sheep":7},"minecraft:killed_by":{"minecraft:vindicator":2,"minecraft:skeleton":1},"minecraft:crafted":{"minecraft:golden_chestplate":1,"minecraft:furnace":6,"minecraft:cooked_mutton":9,"minecraft:spruce_stairs":8,"minecraft:diamond_helmet":1,"minecraft:iron_boots":2,"minecraft:iron_axe":1,"minecraft:stone_pickaxe":1,"minecraft:chest":4,"minecraft:cooked_porkchop":7,"minecraft:crafting_table":2,"minecraft:spruce_planks":332,"minecraft:wooden_pickaxe":1,"minecraft:iron_helmet":2,"minecraft:iron_sword":2,"minecraft:spruce_door":6,"minecraft:iron_chestplate":2,"minecraft:diamond_pickaxe":1,"minecraft:stick":64,"minecraft:iron_ingot":82,"minecraft:iron_pickaxe":4,"minecraft:wooden_axe":1,"minecraft:stone_sword":1,"minecraft:gold_ingot":39,"minecraft:iron_leggings":2,"minecraft:white_bed":2,"minecraft:torch":4},"minecraft:custom":{"minecraft:mob_kills":20,"minecraft:interact_with_crafting_table":48,"minecraft:leave_game":5,"minecraft:time_since_death":1396,"minecraft:climb_one_cm":689,"minecraft:sprint_one_cm":338179,"minecraft:walk_one_cm":298693,"minecraft:drop":71,"minecraft:play_time":231726,"minecraft:deaths":4,"minecraft:sneak_time":8517,"minecraft:walk_under_water_one_cm":5343,"minecraft:jump":1966,"minecraft:walk_on_water_one_cm":6125,"minecraft:total_world_time":231726,"minecraft:interact_with_furnace":34,"minecraft:sleep_in_bed":3,"minecraft:time_since_rest":1428,"minecraft:damage_taken":1889,"minecraft:damage_dealt":1920,"minecraft:swim_one_cm":5036,"minecraft:fly_one_cm":271653,"minecraft:open_chest":64,"minecraft:crouch_one_cm":17796,"minecraft:fall_one_cm":37733},"minecraft:picked_up":{"minecraft:wooden_axe":1,"minecraft:crafting_table":6,"minecraft:iron_chestplate":1,"minecraft:coarse_dirt":19,"minecraft:wooden_pickaxe":2,"minecraft:iron_axe":1,"minecraft:iron_leggings":3,"minecraft:cobbled_deepslate":368,"minecraft:spruce_planks":718,"minecraft:iron_pickaxe":3,"minecraft:chest":7,"minecraft:iron_boots":2,"minecraft:furnace":2,"minecraft:stick":48,"minecraft:raw_iron":113,"minecraft:torch":8,"minecraft:spruce_stairs":9,"minecraft:porkchop":13,"minecraft:redstone":64,"minecraft:golden_chestplate":2,"minecraft:stone_sword":2,"minecraft:arrow":4,"minecraft:mutton":20,"minecraft:glow_berries":1,"minecraft:white_wool":12,"minecraft:cobblestone":498,"minecraft:birch_log":80,"minecraft:glow_ink_sac":10,"minecraft:andesite":529,"minecraft:flint":8,"minecraft:lapis_lazuli":18,"minecraft:dirt":156,"minecraft:bone":4,"minecraft:wheat_seeds":12,"minecraft:raw_gold":78,"minecraft:birch_wood":18,"minecraft:rabbit_hide":10,"minecraft:spruce_wood":65,"minecraft:iron_ingot":4,"minecraft:stone_pickaxe":1,"minecraft:diamond_helmet":2,"minecraft:rabbit":2,"minecraft:iron_sword":3,"minecraft:cooked_porkchop":4,"minecraft:dandelion":17,"minecraft:dripstone_block":3,"minecraft:gravel":61,"minecraft:spruce_sapling":10,"minecraft:white_bed":1,"minecraft:spruce_log":18,"minecraft:spruce_door":1,"minecraft:diamond":90,"minecraft:granite":4,"minecraft:gray_wool":2,"minecraft:spruce_button":4,"minecraft:coal":19,"minecraft:diamond_pickaxe":3}},"DataVersion":3953}