{"stats":{"minecraft:picked_up":{"minecraft:spruce_leaves":27,"minecraft:crafting_table":15,"minecraft:coarse_dirt":4,"minecraft:ladder":1,"minecraft:cornflower":7,"minecraft:string":11,"minecraft:raw_copper":5,"minecraft:cobbled_deepslate":296,"minecraft:spruce_planks":1,"minecraft:spruce_trapdoor":1,"minecraft:egg":1,"minecraft:furnace":2,"minecraft:raw_iron":46,"minecraft:stick":16,"minecraft:torch":30,"minecraft:porkchop":6,"minecraft:redstone":7,"minecraft:arrow":29,"minecraft:rotten_flesh":24,"minecraft:glow_berries":1,"minecraft:mutton":5,"minecraft:white_wool":6,"minecraft:rail":12,"minecraft:cobblestone":175,"minecraft:birch_log":6,"minecraft:feather":2,"minecraft:birch_planks":10,"minecraft:tuff":109,"minecraft:oak_log":12,"minecraft:lapis_lazuli":81,"minecraft:dirt":17,"minecraft:bone":14,"minecraft:wheat_seeds":19,"minecraft:raw_gold":50,"minecraft:stone_pickaxe":1,"minecraft:iron_ingot":1,"minecraft:oak_planks":10,"minecraft:oak_slab":1,"minecraft:cooked_porkchop":1,"minecraft:sweet_berries":277,"minecraft:sand":1,"minecraft:spruce_sapling":7,"minecraft:white_bed":7,"minecraft:spruce_log":24,"minecraft:spider_eye":2,"minecraft:diamond":61,"minecraft:granite":16,"minecraft:gray_wool":1,"minecraft:coal":50},"minecraft:mined":{"minecraft:tuff":138,"minecraft:spruce_planks":1,"minecraft:white_bed":4,"minecraft:deepslate_diamond_ore":52,"minecraft:spruce_trapdoor":1,"minecraft:ladder":1,"minecraft:granite":16,"minecraft:grass_block":6,"minecraft:spruce_leaves":127,"minecraft:oxeye_daisy":1,"minecraft:spawner":1,"minecraft:large_fern":32,"minecraft:furnace":3,"minecraft:iron_ore":8,"minecraft:cobbled_deepslate":5,"minecraft:deepslate_lapis_ore":4,"minecraft:cave_vines":5,"minecraft:deepslate_iron_ore":14,"minecraft:stone":142,"minecraft:podzol":1,"minecraft:oak_slab":1,"minecraft:dandelion":1,"minecraft:crafting_table":16,"minecraft:cornflower":10,"minecraft:torch":14,"minecraft:short_grass":75,"minecraft:copper_ore":1,"minecraft:cobblestone":25,"minecraft:lapis_ore":8,"minecraft:deepslate_gold_ore":40,"minecraft:oak_planks":3,"minecraft:wall_torch":18,"minecraft:coarse_dirt":4,"minecraft:birch_log":7,"minecraft:sweet_berry_bush":128,"minecraft:spruce_log":30,"minecraft:birch_leaves":3,"minecraft:oak_log":13,"minecraft:coal_ore":47,"minecraft:dirt":2,"minecraft:cobweb":3,"minecraft:oak_leaves":5,"minecraft:deepslate":308,"minecraft:fern":38},"minecraft:killed_by":{"minecraft:wolf":1},"minecraft:killed":{"minecraft:cave_spider":8,"minecraft:skeleton":9,"minecraft:drowned":1,"minecraft:wolf":3,"minecraft:pig":2,"minecraft:sheep":6,"minecraft:zombie":31,"minecraft:player":1},"minecraft:broken":{"minecraft:iron_pickaxe":2},"minecraft:crafted":{"minecraft:oak_planks":48,"minecraft:furnace":1,"minecraft:diamond_helmet":2,"minecraft:diamond_leggings":2,"minecraft:iron_axe":1,"minecraft:ladder":15,"minecraft:stone_pickaxe":6,"minecraft:chest":2,"minecraft:diamond_boots":1,"minecraft:diamond_sword":1,"minecraft:cooked_porkchop":1,"minecraft:crafting_table":2,"minecraft:spruce_planks":94,"minecraft:wooden_pickaxe":1,"minecraft:bucket":1,"minecraft:birch_planks":24,"minecraft:spruce_trapdoor":2,"minecraft:stick":92,"minecraft:iron_ingot":9,"minecraft:iron_pickaxe":2,"minecraft:wooden_axe":1,"minecraft:white_bed":1,"minecraft:torch":24,"minecraft:diamond_chestplate":2},"minecraft:custom":{"minecraft:mob_kills":60,"minecraft:interact_with_crafting_table":35,"minecraft:leave_game":9,"minecraft:time_since_death":215155,"minecraft:climb_one_cm":15809,"minecraft:sprint_one_cm":419662,"minecraft:walk_one_cm":293497,"minecraft:drop":25,"minecraft:play_time":220142,"minecraft:deaths":4,"minecraft:sneak_time":4582,"minecraft:walk_under_water_one_cm":10704,"minecraft:jump":2221,"minecraft:interact_with_blast_furnace":1,"minecraft:walk_on_water_one_cm":16834,"minecraft:total_world_time":220142,"minecraft:interact_with_furnace":9,"minecraft:sleep_in_bed":5,"minecraft:time_since_rest":83862,"minecraft:damage_taken":3025,"minecraft:damage_absorbed":23,"minecraft:damage_dealt":6590,"minecraft:player_kills":1,"minecraft:swim_one_cm":14502,"minecraft:fly_one_cm":240825,"minecraft:open_chest":30,"minecraft:crouch_one_cm":12783,"minecraft:interact_with_smoker":2,"minecraft:fall_one_cm":48798},"minecraft:dropped":{"minecraft:wheat_seeds":15,"minecraft:diamond_leggings":1,"minecraft:granite":16,"minecraft:diamond_helmet":1,"minecraft:sand":1,"minecraft:string":1,"minecraft:redstone":7,"minecraft:sweet_berries":2,"minecraft:coarse_dirt":2,"minecraft:tuff":2,"minecraft:raw_iron":7,"minecraft:pumpkin_seeds":7,"minecraft:diamond_chestplate":1,"minecraft:spider_eye":2,"minecraft:arrow":16,"minecraft:wooden_pickaxe":1,"minecraft:raw_gold":6},"minecraft:used":{"minecraft:ladder":13,"minecraft:chest":2,"minecraft:spruce_planks":30,"minecraft:rotten_flesh":13,"minecraft:torch":58,"minecraft:dirt":8,"minecraft:diamond_helmet":1,"minecraft:tuff":93,"minecraft:wooden_axe":11,"minecraft:iron_axe":43,"minecraft:diamond_chestplate":1,"minecraft:sweet_berries":170,"minecraft:furnace":3,"minecraft:egg":1,"minecraft:cobbled_deepslate":198,"minecraft:golden_axe":31,"minecraft:water_bucket":29,"minecraft:diamond_boots":1,"minecraft:stone_pickaxe":276,"minecraft:oak_planks":23,"minecraft:wooden_pickaxe":12,"minecraft:golden_apple":1,"minecraft:crafting_table":16,"minecraft:white_bed":8,"minecraft:diamond_pickaxe":33,"minecraft:bread":3,"minecraft:iron_pickaxe":500,"minecraft:spruce_trapdoor":2,"minecraft:diamond_sword":642,"minecraft:cobblestone":165,"minecraft:cooked_porkchop":2,"minecraft:porkchop":1,"minecraft:bucket":30,"minecraft:coarse_dirt":2,"minecraft:diamond_leggings":1}},"DataVersion":3953}