{"stats":{"minecraft:used":{"minecraft:wooden_axe":46,"minecraft:stone_sword":18,"minecraft:rabbit":2,"minecraft:wooden_pickaxe":8,"minecraft:dirt":10,"minecraft:crafting_table":2},"minecraft:crafted":{"minecraft:crafting_table":1,"minecraft:spruce_planks":72,"minecraft:stick":8,"minecraft:wooden_pickaxe":1,"minecraft:wooden_axe":1,"minecraft:stone_sword":1},"minecraft:mined":{"minecraft:spruce_log":18,"minecraft:dandelion":1,"minecraft:crafting_table":2,"minecraft:short_grass":12,"minecraft:grass_block":7,"minecraft:vine":3,"minecraft:dirt_path":4,"minecraft:spruce_wood":10,"minecraft:spruce_leaves":24,"minecraft:stone":5},"minecraft:killed":{"minecraft:rabbit":2},"minecraft:custom":{"minecraft:time_since_rest":32301,"minecraft:sprint_one_cm":38757,"minecraft:damage_taken":50,"minecraft:walk_one_cm":24805,"minecraft:mob_kills":2,"minecraft:damage_dealt":74,"minecraft:interact_with_crafting_table":3,"minecraft:fly_one_cm":37383,"minecraft:crouch_one_cm":49,"minecraft:play_time":32301,"minecraft:sneak_time":19,"minecraft:jump":190,"minecraft:leave_game":2,"minecraft:time_since_death":32301,"minecraft:total_world_time":32301,"minecraft:climb_one_cm":8,"minecraft:fall_one_cm":2837},"minecraft:picked_up":{"minecraft:crafting_table":2,"minecraft:dandelion":2,"minecraft:spruce_sapling":5,"minecraft:spruce_log":18,"minecraft:dirt":15,"minecraft:wheat_seeds":1,"minecraft:rabbit_hide":2,"minecraft:spruce_wood":9,"minecraft:rabbit":2,"minecraft:cobblestone":5}},"DataVersion":3953}