{"stats":{"minecraft:used":{"minecraft:dirt":10},"minecraft:mined":{"minecraft:spruce_leaves":5,"minecraft:grass_block":3,"minecraft:dirt_path":4},"minecraft:custom":{"minecraft:jump":69,"minecraft:time_since_rest":20301,"minecraft:crouch_one_cm":49,"minecraft:leave_game":2,"minecraft:play_time":20301,"minecraft:sprint_one_cm":10353,"minecraft:damage_taken":50,"minecraft:time_since_death":20301,"minecraft:walk_one_cm":6025,"minecraft:sneak_time":18,"minecraft:total_world_time":20301,"minecraft:fall_one_cm":1523,"minecraft:fly_one_cm":15968},"minecraft:picked_up":{"minecraft:dirt":13}},"DataVersion":3953}