{"stats":{"minecraft:dropped":{"minecraft:stick":2},"minecraft:killed_by":{"minecraft:skeleton":1},"minecraft:crafted":{"minecraft:spruce_planks":20,"minecraft:spruce_button":4},"minecraft:mined":{"minecraft:short_grass":2,"minecraft:grass_block":1,"minecraft:gravel":2,"minecraft:dirt":4,"minecraft:spruce_wood":5,"minecraft:dandelion":2},"minecraft:custom":{"minecraft:time_since_rest":9066,"minecraft:deaths":1,"minecraft:play_time":39185,"minecraft:damage_taken":285,"minecraft:walk_one_cm":50888,"minecraft:drop":2,"minecraft:jump":96,"minecraft:damage_dealt":10,"minecraft:time_since_death":8631,"minecraft:total_world_time":39185,"minecraft:interact_with_crafting_table":2,"minecraft:fall_one_cm":1229,"minecraft:fly_one_cm":1037},"minecraft:picked_up":{"minecraft:wooden_axe":1,"minecraft:stick":32,"minecraft:raw_iron":4,"minecraft:stone_sword":1,"minecraft:arrow":2,"minecraft:andesite":82,"minecraft:wooden_pickaxe":1,"minecraft:wheat_seeds":3,"minecraft:dandelion":5,"minecraft:rabbit_hide":2,"minecraft:spruce_planks":120,"minecraft:gravel":17,"minecraft:spruce_wood":5,"minecraft:flint":2,"minecraft:stone_pickaxe":1,"minecraft:porkchop":2,"minecraft:spruce_sapling":5,"minecraft:dirt":50}},"DataVersion":3953}