{"stats":{"minecraft:crafted":{"minecraft:spruce_planks":12,"minecraft:spruce_button":4},"minecraft:mined":{"minecraft:short_grass":2,"minecraft:spruce_wood":5,"minecraft:grass_block":1,"minecraft:dandelion":2,"minecraft:gravel":2,"minecraft:dirt":4},"minecraft:custom":{"minecraft:jump":56,"minecraft:time_since_rest":27185,"minecraft:play_time":27185,"minecraft:time_since_death":27185,"minecraft:walk_one_cm":24711,"minecraft:total_world_time":27185,"minecraft:fall_one_cm":745,"minecraft:fly_one_cm":468},"minecraft:picked_up":{"minecraft:spruce_wood":5,"minecraft:stick":2,"minecraft:andesite":4,"minecraft:wheat_seeds":1,"minecraft:dandelion":1,"minecraft:dirt":11,"minecraft:gravel":2}},"DataVersion":3953}