{"stats":{"minecraft:dropped":{"minecraft:wooden_axe":1,"minecraft:stick":2},"minecraft:killed_by":{"minecraft:skeleton":1},"minecraft:used":{"minecraft:wooden_axe":15},"minecraft:crafted":{"minecraft:wooden_sword":1,"minecraft:spruce_planks":20,"minecraft:spruce_button":4,"minecraft:wooden_pickaxe":1,"minecraft:wooden_axe":1},"minecraft:mined":{"minecraft:coarse_dirt":1,"minecraft:dandelion":2,"minecraft:short_grass":3,"minecraft:grass_block":1,"minecraft:gravel":2,"minecraft:dirt":4,"minecraft:spruce_wood":19},"minecraft:custom":{"minecraft:time_since_rest":33066,"minecraft:damage_taken":365,"minecraft:walk_one_cm":68334,"minecraft:drop":3,"minecraft:damage_dealt":10,"minecraft:interact_with_crafting_table":6,"minecraft:fly_one_cm":1281,"minecraft:play_time":63185,"minecraft:deaths":1,"minecraft:jump":121,"minecraft:time_since_death":32631,"minecraft:total_world_time":63185,"minecraft:climb_one_cm":478,"minecraft:fall_one_cm":1438},"minecraft:picked_up":{"minecraft:wooden_axe":2,"minecraft:coarse_dirt":1,"minecraft:stick":32,"minecraft:raw_iron":4,"minecraft:andesite":82,"minecraft:dandelion":5,"minecraft:wooden_pickaxe":1,"minecraft:gravel":17,"minecraft:porkchop":2,"minecraft:flint":2,"minecraft:spruce_sapling":5,"minecraft:dirt":50,"minecraft:arrow":2,"minecraft:stone_sword":1,"minecraft:bone":2,"minecraft:wheat_seeds":3,"minecraft:spruce_planks":120,"minecraft:rabbit_hide":2,"minecraft:spruce_wood":21,"minecraft:stone_pickaxe":1}},"DataVersion":3953}