{"stats":{"minecraft:mined":{"minecraft:short_grass":2,"minecraft:spruce_wood":5,"minecraft:grass_block":1,"minecraft:dandelion":2,"minecraft:gravel":2,"minecraft:dirt":4},"minecraft:custom":{"minecraft:jump":56,"minecraft:time_since_rest":15185,"minecraft:play_time":15185,"minecraft:time_since_death":15185,"minecraft:walk_one_cm":23832,"minecraft:total_world_time":15185,"minecraft:fall_one_cm":745,"minecraft:fly_one_cm":468},"minecraft:picked_up":{"minecraft:spruce_wood":5,"minecraft:stick":2,"minecraft:dandelion":1,"minecraft:dirt":7,"minecraft:gravel":2}},"DataVersion":3953}